{"type":"FeatureCollection","metadata":{"title":"UAV飛行位置サンプルデータ","description":"MLIT-LINKS UAV混雑可視化デモ用のダミーデータ。実在の飛行ではありません。","generated":"2026-06-07","count":925},"features":[{"type":"Feature","id":1,"geometry":{"type":"Point","coordinates":[139.72094,35.7168]},"properties":{"id":"UAV-0001","area":"東京（都心）","altitude_m":50,"operator":"スカイデリバリー","purpose":"物流","airframe":"VTOL","speed_kmh":24.1}},{"type":"Feature","id":2,"geometry":{"type":"Point","coordinates":[139.75289,35.62456]},"properties":{"id":"UAV-0002","area":"東京（都心）","altitude_m":100,"operator":"アグリドローン","purpose":"測量","airframe":"VTOL","speed_kmh":37.6}},{"type":"Feature","id":3,"geometry":{"type":"Point","coordinates":[139.53039,35.62876]},"properties":{"id":"UAV-0003","area":"東京（都心）","altitude_m":30,"operator":"測量パートナーズ","purpose":"物流","airframe":"固定翼","speed_kmh":56.4}},{"type":"Feature","id":4,"geometry":{"type":"Point","coordinates":[139.73059,35.66656]},"properties":{"id":"UAV-0004","area":"東京（都心）","altitude_m":30,"operator":"インフラ点検サービス","purpose":"農業","airframe":"マルチコプター","speed_kmh":6.2}},{"type":"Feature","id":5,"geometry":{"type":"Point","coordinates":[139.68447,35.6441]},"properties":{"id":"UAV-0005","area":"東京（都心）","altitude_m":80,"operator":"スカイデリバリー","purpose":"測量","airframe":"固定翼","speed_kmh":38.8}},{"type":"Feature","id":6,"geometry":{"type":"Point","coordinates":[139.9646,35.70781]},"properties":{"id":"UAV-0006","area":"東京（都心）","altitude_m":100,"operator":"測量パートナーズ","purpose":"報道空撮","airframe":"マルチコプター","speed_kmh":23.1}},{"type":"Feature","id":7,"geometry":{"type":"Point","coordinates":[139.89802,35.91244]},"properties":{"id":"UAV-0007","area":"東京（都心）","altitude_m":80,"operator":"LINKS物流","purpose":"農業","airframe":"VTOL","speed_kmh":8.9}},{"type":"Feature","id":8,"geometry":{"type":"Point","coordinates":[139.84934,35.58369]},"properties":{"id":"UAV-0008","area":"東京（都心）","altitude_m":50,"operator":"スカイデリバリー","purpose":"災害調査","airframe":"マルチコプター","speed_kmh":21.1}},{"type":"Feature","id":9,"geometry":{"type":"Point","coordinates":[139.65892,35.67713]},"properties":{"id":"UAV-0009","area":"東京（都心）","altitude_m":150,"operator":"アグリドローン","purpose":"点検","airframe":"VTOL","speed_kmh":35.9}},{"type":"Feature","id":10,"geometry":{"type":"Point","coordinates":[139.82139,35.53701]},"properties":{"id":"UAV-0010","area":"東京（都心）","altitude_m":80,"operator":"アグリドローン","purpose":"測量","airframe":"固定翼","speed_kmh":37.4}},{"type":"Feature","id":11,"geometry":{"type":"Point","coordinates":[139.73353,35.79454]},"properties":{"id":"UAV-0011","area":"東京（都心）","altitude_m":50,"operator":"インフラ点検サービス","purpose":"農業","airframe":"マルチコプター","speed_kmh":48.8}},{"type":"Feature","id":12,"geometry":{"type":"Point","coordinates":[139.81319,35.64109]},"properties":{"id":"UAV-0012","area":"東京（都心）","altitude_m":30,"operator":"災害調査隊","purpose":"警備","airframe":"VTOL","speed_kmh":34.7}},{"type":"Feature","id":13,"geometry":{"type":"Point","coordinates":[139.88336,35.62055]},"properties":{"id":"UAV-0013","area":"東京（都心）","altitude_m":50,"operator":"アグリドローン","purpose":"物流","airframe":"固定翼","speed_kmh":0.2}},{"type":"Feature","id":14,"geometry":{"type":"Point","coordinates":[139.6417,35.60653]},"properties":{"id":"UAV-0014","area":"東京（都心）","altitude_m":30,"operator":"インフラ点検サービス","purpose":"農業","airframe":"固定翼","speed_kmh":5.5}},{"type":"Feature","id":15,"geometry":{"type":"Point","coordinates":[139.63751,35.69015]},"properties":{"id":"UAV-0015","area":"東京（都心）","altitude_m":120,"operator":"LINKS物流","purpose":"報道空撮","airframe":"固定翼","speed_kmh":12.6}},{"type":"Feature","id":16,"geometry":{"type":"Point","coordinates":[139.68241,35.71909]},"properties":{"id":"UAV-0016","area":"東京（都心）","altitude_m":100,"operator":"災害調査隊","purpose":"災害調査","airframe":"マルチコプター","speed_kmh":21.1}},{"type":"Feature","id":17,"geometry":{"type":"Point","coordinates":[139.65968,35.7824]},"properties":{"id":"UAV-0017","area":"東京（都心）","altitude_m":30,"operator":"メディア空撮","purpose":"測量","airframe":"VTOL","speed_kmh":38.9}},{"type":"Feature","id":18,"geometry":{"type":"Point","coordinates":[139.6999,35.79857]},"properties":{"id":"UAV-0018","area":"東京（都心）","altitude_m":150,"operator":"インフラ点検サービス","purpose":"点検","airframe":"マルチコプター","speed_kmh":2.8}},{"type":"Feature","id":19,"geometry":{"type":"Point","coordinates":[139.8863,35.68925]},"properties":{"id":"UAV-0019","area":"東京（都心）","altitude_m":100,"operator":"LINKS物流","purpose":"点検","airframe":"マルチコプター","speed_kmh":14.1}},{"type":"Feature","id":20,"geometry":{"type":"Point","coordinates":[139.91041,35.64707]},"properties":{"id":"UAV-0020","area":"東京（都心）","altitude_m":30,"operator":"LINKS物流","purpose":"点検","airframe":"マルチコプター","speed_kmh":25.3}},{"type":"Feature","id":21,"geometry":{"type":"Point","coordinates":[139.78138,35.59156]},"properties":{"id":"UAV-0021","area":"東京（都心）","altitude_m":120,"operator":"測量パートナーズ","purpose":"測量","airframe":"固定翼","speed_kmh":7.4}},{"type":"Feature","id":22,"geometry":{"type":"Point","coordinates":[139.74149,35.69249]},"properties":{"id":"UAV-0022","area":"東京（都心）","altitude_m":100,"operator":"インフラ点検サービス","purpose":"物流","airframe":"VTOL","speed_kmh":30.3}},{"type":"Feature","id":23,"geometry":{"type":"Point","coordinates":[139.81702,35.7338]},"properties":{"id":"UAV-0023","area":"東京（都心）","altitude_m":150,"operator":"スカイデリバリー","purpose":"点検","airframe":"VTOL","speed_kmh":44.4}},{"type":"Feature","id":24,"geometry":{"type":"Point","coordinates":[139.58427,35.49818]},"properties":{"id":"UAV-0024","area":"東京（都心）","altitude_m":80,"operator":"インフラ点検サービス","purpose":"災害調査","airframe":"マルチコプター","speed_kmh":31.4}},{"type":"Feature","id":25,"geometry":{"type":"Point","coordinates":[139.72202,35.74988]},"properties":{"id":"UAV-0025","area":"東京（都心）","altitude_m":150,"operator":"インフラ点検サービス","purpose":"報道空撮","airframe":"マルチコプター","speed_kmh":56.7}},{"type":"Feature","id":26,"geometry":{"type":"Point","coordinates":[139.81616,35.68565]},"properties":{"id":"UAV-0026","area":"東京（都心）","altitude_m":100,"operator":"アグリドローン","purpose":"災害調査","airframe":"固定翼","speed_kmh":26.5}},{"type":"Feature","id":27,"geometry":{"type":"Point","coordinates":[139.88797,35.65737]},"properties":{"id":"UAV-0027","area":"東京（都心）","altitude_m":80,"operator":"スカイデリバリー","purpose":"報道空撮","airframe":"VTOL","speed_kmh":53.2}},{"type":"Feature","id":28,"geometry":{"type":"Point","coordinates":[139.70948,35.52872]},"properties":{"id":"UAV-0028","area":"東京（都心）","altitude_m":80,"operator":"測量パートナーズ","purpose":"測量","airframe":"VTOL","speed_kmh":51.6}},{"type":"Feature","id":29,"geometry":{"type":"Point","coordinates":[139.613,35.80885]},"properties":{"id":"UAV-0029","area":"東京（都心）","altitude_m":50,"operator":"インフラ点検サービス","purpose":"物流","airframe":"固定翼","speed_kmh":23.1}},{"type":"Feature","id":30,"geometry":{"type":"Point","coordinates":[139.90494,35.73385]},"properties":{"id":"UAV-0030","area":"東京（都心）","altitude_m":30,"operator":"インフラ点検サービス","purpose":"警備","airframe":"マルチコプター","speed_kmh":12.8}},{"type":"Feature","id":31,"geometry":{"type":"Point","coordinates":[139.93149,35.70804]},"properties":{"id":"UAV-0031","area":"東京（都心）","altitude_m":80,"operator":"スカイデリバリー","purpose":"物流","airframe":"固定翼","speed_kmh":9.3}},{"type":"Feature","id":32,"geometry":{"type":"Point","coordinates":[139.82112,35.57388]},"properties":{"id":"UAV-0032","area":"東京（都心）","altitude_m":100,"operator":"インフラ点検サービス","purpose":"農業","airframe":"VTOL","speed_kmh":2.3}},{"type":"Feature","id":33,"geometry":{"type":"Point","coordinates":[139.51415,35.91673]},"properties":{"id":"UAV-0033","area":"東京（都心）","altitude_m":50,"operator":"メディア空撮","purpose":"点検","airframe":"固定翼","speed_kmh":30.6}},{"type":"Feature","id":34,"geometry":{"type":"Point","coordinates":[139.74152,35.61097]},"properties":{"id":"UAV-0034","area":"東京（都心）","altitude_m":30,"operator":"インフラ点検サービス","purpose":"災害調査","airframe":"VTOL","speed_kmh":0.9}},{"type":"Feature","id":35,"geometry":{"type":"Point","coordinates":[139.73142,35.55034]},"properties":{"id":"UAV-0035","area":"東京（都心）","altitude_m":100,"operator":"測量パートナーズ","purpose":"警備","airframe":"マルチコプター","speed_kmh":35.2}},{"type":"Feature","id":36,"geometry":{"type":"Point","coordinates":[139.76448,35.57384]},"properties":{"id":"UAV-0036","area":"東京（都心）","altitude_m":30,"operator":"測量パートナーズ","purpose":"点検","airframe":"VTOL","speed_kmh":32.2}},{"type":"Feature","id":37,"geometry":{"type":"Point","coordinates":[139.56814,35.78002]},"properties":{"id":"UAV-0037","area":"東京（都心）","altitude_m":100,"operator":"測量パートナーズ","purpose":"点検","airframe":"VTOL","speed_kmh":21.4}},{"type":"Feature","id":38,"geometry":{"type":"Point","coordinates":[139.56975,35.82236]},"properties":{"id":"UAV-0038","area":"東京（都心）","altitude_m":150,"operator":"測量パートナーズ","purpose":"警備","airframe":"VTOL","speed_kmh":8.2}},{"type":"Feature","id":39,"geometry":{"type":"Point","coordinates":[139.74695,35.68516]},"properties":{"id":"UAV-0039","area":"東京（都心）","altitude_m":80,"operator":"LINKS物流","purpose":"測量","airframe":"固定翼","speed_kmh":52.7}},{"type":"Feature","id":40,"geometry":{"type":"Point","coordinates":[139.91231,35.69794]},"properties":{"id":"UAV-0040","area":"東京（都心）","altitude_m":120,"operator":"測量パートナーズ","purpose":"物流","airframe":"マルチコプター","speed_kmh":38.4}},{"type":"Feature","id":41,"geometry":{"type":"Point","coordinates":[139.7006,35.46713]},"properties":{"id":"UAV-0041","area":"東京（都心）","altitude_m":120,"operator":"アグリドローン","purpose":"農業","airframe":"固定翼","speed_kmh":37.6}},{"type":"Feature","id":42,"geometry":{"type":"Point","coordinates":[139.69479,35.59661]},"properties":{"id":"UAV-0042","area":"東京（都心）","altitude_m":80,"operator":"アグリドローン","purpose":"報道空撮","airframe":"固定翼","speed_kmh":50.9}},{"type":"Feature","id":43,"geometry":{"type":"Point","coordinates":[139.96406,35.82912]},"properties":{"id":"UAV-0043","area":"東京（都心）","altitude_m":100,"operator":"メディア空撮","purpose":"測量","airframe":"固定翼","speed_kmh":12.2}},{"type":"Feature","id":44,"geometry":{"type":"Point","coordinates":[139.70089,35.60624]},"properties":{"id":"UAV-0044","area":"東京（都心）","altitude_m":30,"operator":"測量パートナーズ","purpose":"警備","airframe":"VTOL","speed_kmh":27.3}},{"type":"Feature","id":45,"geometry":{"type":"Point","coordinates":[139.59033,35.56392]},"properties":{"id":"UAV-0045","area":"東京（都心）","altitude_m":30,"operator":"LINKS物流","purpose":"警備","airframe":"VTOL","speed_kmh":6.1}},{"type":"Feature","id":46,"geometry":{"type":"Point","coordinates":[139.86179,35.82489]},"properties":{"id":"UAV-0046","area":"東京（都心）","altitude_m":120,"operator":"LINKS物流","purpose":"点検","airframe":"マルチコプター","speed_kmh":58.6}},{"type":"Feature","id":47,"geometry":{"type":"Point","coordinates":[139.7688,35.69913]},"properties":{"id":"UAV-0047","area":"東京（都心）","altitude_m":50,"operator":"LINKS物流","purpose":"災害調査","airframe":"固定翼","speed_kmh":11.0}},{"type":"Feature","id":48,"geometry":{"type":"Point","coordinates":[139.78314,35.64842]},"properties":{"id":"UAV-0048","area":"東京（都心）","altitude_m":50,"operator":"災害調査隊","purpose":"警備","airframe":"固定翼","speed_kmh":4.4}},{"type":"Feature","id":49,"geometry":{"type":"Point","coordinates":[139.67789,35.72372]},"properties":{"id":"UAV-0049","area":"東京（都心）","altitude_m":100,"operator":"メディア空撮","purpose":"農業","airframe":"VTOL","speed_kmh":54.1}},{"type":"Feature","id":50,"geometry":{"type":"Point","coordinates":[139.69998,35.71152]},"properties":{"id":"UAV-0050","area":"東京（都心）","altitude_m":120,"operator":"アグリドローン","purpose":"災害調査","airframe":"固定翼","speed_kmh":29.2}},{"type":"Feature","id":51,"geometry":{"type":"Point","coordinates":[139.79052,35.59429]},"properties":{"id":"UAV-0051","area":"東京（都心）","altitude_m":80,"operator":"測量パートナーズ","purpose":"物流","airframe":"固定翼","speed_kmh":33.3}},{"type":"Feature","id":52,"geometry":{"type":"Point","coordinates":[139.55395,35.7899]},"properties":{"id":"UAV-0052","area":"東京（都心）","altitude_m":30,"operator":"アグリドローン","purpose":"点検","airframe":"固定翼","speed_kmh":30.2}},{"type":"Feature","id":53,"geometry":{"type":"Point","coordinates":[139.89185,35.75272]},"properties":{"id":"UAV-0053","area":"東京（都心）","altitude_m":30,"operator":"アグリドローン","purpose":"測量","airframe":"マルチコプター","speed_kmh":51.3}},{"type":"Feature","id":54,"geometry":{"type":"Point","coordinates":[139.88554,35.73053]},"properties":{"id":"UAV-0054","area":"東京（都心）","altitude_m":30,"operator":"測量パートナーズ","purpose":"点検","airframe":"マルチコプター","speed_kmh":11.5}},{"type":"Feature","id":55,"geometry":{"type":"Point","coordinates":[139.79983,35.59655]},"properties":{"id":"UAV-0055","area":"東京（都心）","altitude_m":100,"operator":"測量パートナーズ","purpose":"物流","airframe":"マルチコプター","speed_kmh":17.1}},{"type":"Feature","id":56,"geometry":{"type":"Point","coordinates":[139.85381,35.78475]},"properties":{"id":"UAV-0056","area":"東京（都心）","altitude_m":80,"operator":"LINKS物流","purpose":"警備","airframe":"VTOL","speed_kmh":0.9}},{"type":"Feature","id":57,"geometry":{"type":"Point","coordinates":[139.77566,35.80584]},"properties":{"id":"UAV-0057","area":"東京（都心）","altitude_m":120,"operator":"災害調査隊","purpose":"報道空撮","airframe":"VTOL","speed_kmh":4.5}},{"type":"Feature","id":58,"geometry":{"type":"Point","coordinates":[139.73654,35.635]},"properties":{"id":"UAV-0058","area":"東京（都心）","altitude_m":120,"operator":"インフラ点検サービス","purpose":"報道空撮","airframe":"VTOL","speed_kmh":23.3}},{"type":"Feature","id":59,"geometry":{"type":"Point","coordinates":[139.75163,35.69829]},"properties":{"id":"UAV-0059","area":"東京（都心）","altitude_m":150,"operator":"アグリドローン","purpose":"測量","airframe":"VTOL","speed_kmh":44.5}},{"type":"Feature","id":60,"geometry":{"type":"Point","coordinates":[139.77549,35.67109]},"properties":{"id":"UAV-0060","area":"東京（都心）","altitude_m":120,"operator":"インフラ点検サービス","purpose":"測量","airframe":"固定翼","speed_kmh":19.9}},{"type":"Feature","id":61,"geometry":{"type":"Point","coordinates":[139.68349,35.5619]},"properties":{"id":"UAV-0061","area":"東京（都心）","altitude_m":150,"operator":"メディア空撮","purpose":"点検","airframe":"固定翼","speed_kmh":50.7}},{"type":"Feature","id":62,"geometry":{"type":"Point","coordinates":[139.77617,35.76662]},"properties":{"id":"UAV-0062","area":"東京（都心）","altitude_m":50,"operator":"インフラ点検サービス","purpose":"測量","airframe":"マルチコプター","speed_kmh":20.3}},{"type":"Feature","id":63,"geometry":{"type":"Point","coordinates":[139.6243,35.59718]},"properties":{"id":"UAV-0063","area":"東京（都心）","altitude_m":30,"operator":"測量パートナーズ","purpose":"災害調査","airframe":"マルチコプター","speed_kmh":36.1}},{"type":"Feature","id":64,"geometry":{"type":"Point","coordinates":[139.68754,35.64751]},"properties":{"id":"UAV-0064","area":"東京（都心）","altitude_m":30,"operator":"インフラ点検サービス","purpose":"災害調査","airframe":"VTOL","speed_kmh":27.3}},{"type":"Feature","id":65,"geometry":{"type":"Point","coordinates":[139.86441,35.7749]},"properties":{"id":"UAV-0065","area":"東京（都心）","altitude_m":30,"operator":"メディア空撮","purpose":"点検","airframe":"マルチコプター","speed_kmh":13.3}},{"type":"Feature","id":66,"geometry":{"type":"Point","coordinates":[139.69283,35.71832]},"properties":{"id":"UAV-0066","area":"東京（都心）","altitude_m":100,"operator":"インフラ点検サービス","purpose":"農業","airframe":"マルチコプター","speed_kmh":43.8}},{"type":"Feature","id":67,"geometry":{"type":"Point","coordinates":[139.80257,35.65762]},"properties":{"id":"UAV-0067","area":"東京（都心）","altitude_m":150,"operator":"アグリドローン","purpose":"警備","airframe":"VTOL","speed_kmh":33.1}},{"type":"Feature","id":68,"geometry":{"type":"Point","coordinates":[139.89418,35.69074]},"properties":{"id":"UAV-0068","area":"東京（都心）","altitude_m":50,"operator":"インフラ点検サービス","purpose":"災害調査","airframe":"VTOL","speed_kmh":25.5}},{"type":"Feature","id":69,"geometry":{"type":"Point","coordinates":[139.81336,35.43962]},"properties":{"id":"UAV-0069","area":"東京（都心）","altitude_m":150,"operator":"メディア空撮","purpose":"災害調査","airframe":"マルチコプター","speed_kmh":34.4}},{"type":"Feature","id":70,"geometry":{"type":"Point","coordinates":[139.78938,35.71372]},"properties":{"id":"UAV-0070","area":"東京（都心）","altitude_m":50,"operator":"測量パートナーズ","purpose":"災害調査","airframe":"VTOL","speed_kmh":27.9}},{"type":"Feature","id":71,"geometry":{"type":"Point","coordinates":[139.83124,35.5536]},"properties":{"id":"UAV-0071","area":"東京（都心）","altitude_m":150,"operator":"災害調査隊","purpose":"農業","airframe":"マルチコプター","speed_kmh":23.1}},{"type":"Feature","id":72,"geometry":{"type":"Point","coordinates":[139.85399,35.48657]},"properties":{"id":"UAV-0072","area":"東京（都心）","altitude_m":120,"operator":"災害調査隊","purpose":"報道空撮","airframe":"マルチコプター","speed_kmh":27.1}},{"type":"Feature","id":73,"geometry":{"type":"Point","coordinates":[139.7616,35.64272]},"properties":{"id":"UAV-0073","area":"東京（都心）","altitude_m":150,"operator":"LINKS物流","purpose":"災害調査","airframe":"固定翼","speed_kmh":10.5}},{"type":"Feature","id":74,"geometry":{"type":"Point","coordinates":[139.86273,35.75834]},"properties":{"id":"UAV-0074","area":"東京（都心）","altitude_m":80,"operator":"LINKS物流","purpose":"物流","airframe":"マルチコプター","speed_kmh":32.7}},{"type":"Feature","id":75,"geometry":{"type":"Point","coordinates":[139.90567,35.74327]},"properties":{"id":"UAV-0075","area":"東京（都心）","altitude_m":150,"operator":"測量パートナーズ","purpose":"物流","airframe":"VTOL","speed_kmh":43.8}},{"type":"Feature","id":76,"geometry":{"type":"Point","coordinates":[139.81764,35.73126]},"properties":{"id":"UAV-0076","area":"東京（都心）","altitude_m":100,"operator":"インフラ点検サービス","purpose":"測量","airframe":"固定翼","speed_kmh":46.6}},{"type":"Feature","id":77,"geometry":{"type":"Point","coordinates":[139.71011,35.92751]},"properties":{"id":"UAV-0077","area":"東京（都心）","altitude_m":80,"operator":"LINKS物流","purpose":"農業","airframe":"固定翼","speed_kmh":12.5}},{"type":"Feature","id":78,"geometry":{"type":"Point","coordinates":[139.76397,35.60658]},"properties":{"id":"UAV-0078","area":"東京（都心）","altitude_m":80,"operator":"スカイデリバリー","purpose":"点検","airframe":"マルチコプター","speed_kmh":15.0}},{"type":"Feature","id":79,"geometry":{"type":"Point","coordinates":[139.78036,35.68532]},"properties":{"id":"UAV-0079","area":"東京（都心）","altitude_m":50,"operator":"災害調査隊","purpose":"災害調査","airframe":"VTOL","speed_kmh":48.8}},{"type":"Feature","id":80,"geometry":{"type":"Point","coordinates":[139.87164,35.75494]},"properties":{"id":"UAV-0080","area":"東京（都心）","altitude_m":80,"operator":"測量パートナーズ","purpose":"物流","airframe":"マルチコプター","speed_kmh":49.1}},{"type":"Feature","id":81,"geometry":{"type":"Point","coordinates":[140.00175,35.72263]},"properties":{"id":"UAV-0081","area":"東京（都心）","altitude_m":120,"operator":"メディア空撮","purpose":"災害調査","airframe":"VTOL","speed_kmh":37.7}},{"type":"Feature","id":82,"geometry":{"type":"Point","coordinates":[139.89737,35.54356]},"properties":{"id":"UAV-0082","area":"東京（都心）","altitude_m":150,"operator":"メディア空撮","purpose":"警備","airframe":"マルチコプター","speed_kmh":38.2}},{"type":"Feature","id":83,"geometry":{"type":"Point","coordinates":[139.735,35.6773]},"properties":{"id":"UAV-0083","area":"東京（都心）","altitude_m":100,"operator":"スカイデリバリー","purpose":"警備","airframe":"固定翼","speed_kmh":32.3}},{"type":"Feature","id":84,"geometry":{"type":"Point","coordinates":[139.88021,35.51666]},"properties":{"id":"UAV-0084","area":"東京（都心）","altitude_m":150,"operator":"LINKS物流","purpose":"測量","airframe":"固定翼","speed_kmh":2.7}},{"type":"Feature","id":85,"geometry":{"type":"Point","coordinates":[139.67829,35.68697]},"properties":{"id":"UAV-0085","area":"東京（都心）","altitude_m":100,"operator":"災害調査隊","purpose":"物流","airframe":"マルチコプター","speed_kmh":46.7}},{"type":"Feature","id":86,"geometry":{"type":"Point","coordinates":[139.78472,35.69642]},"properties":{"id":"UAV-0086","area":"東京（都心）","altitude_m":150,"operator":"アグリドローン","purpose":"報道空撮","airframe":"マルチコプター","speed_kmh":49.0}},{"type":"Feature","id":87,"geometry":{"type":"Point","coordinates":[139.82702,35.75255]},"properties":{"id":"UAV-0087","area":"東京（都心）","altitude_m":50,"operator":"測量パートナーズ","purpose":"物流","airframe":"VTOL","speed_kmh":39.3}},{"type":"Feature","id":88,"geometry":{"type":"Point","coordinates":[139.75605,35.67877]},"properties":{"id":"UAV-0088","area":"東京（都心）","altitude_m":120,"operator":"LINKS物流","purpose":"測量","airframe":"マルチコプター","speed_kmh":55.5}},{"type":"Feature","id":89,"geometry":{"type":"Point","coordinates":[139.83933,35.64709]},"properties":{"id":"UAV-0089","area":"東京（都心）","altitude_m":150,"operator":"スカイデリバリー","purpose":"物流","airframe":"固定翼","speed_kmh":44.9}},{"type":"Feature","id":90,"geometry":{"type":"Point","coordinates":[139.40525,35.64301]},"properties":{"id":"UAV-0090","area":"東京（都心）","altitude_m":120,"operator":"アグリドローン","purpose":"農業","airframe":"VTOL","speed_kmh":45.9}},{"type":"Feature","id":91,"geometry":{"type":"Point","coordinates":[139.79002,35.79754]},"properties":{"id":"UAV-0091","area":"東京（都心）","altitude_m":50,"operator":"LINKS物流","purpose":"農業","airframe":"固定翼","speed_kmh":28.3}},{"type":"Feature","id":92,"geometry":{"type":"Point","coordinates":[139.81077,35.74431]},"properties":{"id":"UAV-0092","area":"東京（都心）","altitude_m":150,"operator":"災害調査隊","purpose":"警備","airframe":"マルチコプター","speed_kmh":6.8}},{"type":"Feature","id":93,"geometry":{"type":"Point","coordinates":[139.65622,35.68592]},"properties":{"id":"UAV-0093","area":"東京（都心）","altitude_m":80,"operator":"メディア空撮","purpose":"報道空撮","airframe":"固定翼","speed_kmh":27.4}},{"type":"Feature","id":94,"geometry":{"type":"Point","coordinates":[139.8163,35.43786]},"properties":{"id":"UAV-0094","area":"東京（都心）","altitude_m":30,"operator":"測量パートナーズ","purpose":"災害調査","airframe":"VTOL","speed_kmh":26.1}},{"type":"Feature","id":95,"geometry":{"type":"Point","coordinates":[139.8191,35.82507]},"properties":{"id":"UAV-0095","area":"東京（都心）","altitude_m":30,"operator":"スカイデリバリー","purpose":"報道空撮","airframe":"VTOL","speed_kmh":7.4}},{"type":"Feature","id":96,"geometry":{"type":"Point","coordinates":[139.73487,35.7062]},"properties":{"id":"UAV-0096","area":"東京（都心）","altitude_m":80,"operator":"インフラ点検サービス","purpose":"測量","airframe":"VTOL","speed_kmh":41.5}},{"type":"Feature","id":97,"geometry":{"type":"Point","coordinates":[139.79531,35.63638]},"properties":{"id":"UAV-0097","area":"東京（都心）","altitude_m":30,"operator":"スカイデリバリー","purpose":"測量","airframe":"マルチコプター","speed_kmh":46.4}},{"type":"Feature","id":98,"geometry":{"type":"Point","coordinates":[139.85493,35.58224]},"properties":{"id":"UAV-0098","area":"東京（都心）","altitude_m":30,"operator":"メディア空撮","purpose":"災害調査","airframe":"VTOL","speed_kmh":26.2}},{"type":"Feature","id":99,"geometry":{"type":"Point","coordinates":[139.88499,35.82861]},"properties":{"id":"UAV-0099","area":"東京（都心）","altitude_m":100,"operator":"LINKS物流","purpose":"農業","airframe":"マルチコプター","speed_kmh":22.6}},{"type":"Feature","id":100,"geometry":{"type":"Point","coordinates":[139.92239,35.54156]},"properties":{"id":"UAV-0100","area":"東京（都心）","altitude_m":50,"operator":"測量パートナーズ","purpose":"災害調査","airframe":"固定翼","speed_kmh":24.8}},{"type":"Feature","id":101,"geometry":{"type":"Point","coordinates":[139.65817,35.60689]},"properties":{"id":"UAV-0101","area":"東京（都心）","altitude_m":30,"operator":"LINKS物流","purpose":"農業","airframe":"固定翼","speed_kmh":30.3}},{"type":"Feature","id":102,"geometry":{"type":"Point","coordinates":[139.40535,35.64381]},"properties":{"id":"UAV-0102","area":"東京（都心）","altitude_m":100,"operator":"測量パートナーズ","purpose":"物流","airframe":"VTOL","speed_kmh":20.5}},{"type":"Feature","id":103,"geometry":{"type":"Point","coordinates":[139.72857,35.66322]},"properties":{"id":"UAV-0103","area":"東京（都心）","altitude_m":100,"operator":"LINKS物流","purpose":"点検","airframe":"VTOL","speed_kmh":56.6}},{"type":"Feature","id":104,"geometry":{"type":"Point","coordinates":[139.9101,35.63564]},"properties":{"id":"UAV-0104","area":"東京（都心）","altitude_m":100,"operator":"メディア空撮","purpose":"報道空撮","airframe":"マルチコプター","speed_kmh":19.6}},{"type":"Feature","id":105,"geometry":{"type":"Point","coordinates":[139.84965,35.78868]},"properties":{"id":"UAV-0105","area":"東京（都心）","altitude_m":30,"operator":"測量パートナーズ","purpose":"災害調査","airframe":"VTOL","speed_kmh":46.6}},{"type":"Feature","id":106,"geometry":{"type":"Point","coordinates":[139.88647,35.71201]},"properties":{"id":"UAV-0106","area":"東京（都心）","altitude_m":50,"operator":"災害調査隊","purpose":"災害調査","airframe":"マルチコプター","speed_kmh":24.9}},{"type":"Feature","id":107,"geometry":{"type":"Point","coordinates":[139.9605,35.50078]},"properties":{"id":"UAV-0107","area":"東京（都心）","altitude_m":80,"operator":"LINKS物流","purpose":"警備","airframe":"固定翼","speed_kmh":28.6}},{"type":"Feature","id":108,"geometry":{"type":"Point","coordinates":[139.82749,35.78476]},"properties":{"id":"UAV-0108","area":"東京（都心）","altitude_m":30,"operator":"アグリドローン","purpose":"災害調査","airframe":"VTOL","speed_kmh":15.3}},{"type":"Feature","id":109,"geometry":{"type":"Point","coordinates":[139.69247,35.78127]},"properties":{"id":"UAV-0109","area":"東京（都心）","altitude_m":120,"operator":"アグリドローン","purpose":"点検","airframe":"マルチコプター","speed_kmh":19.4}},{"type":"Feature","id":110,"geometry":{"type":"Point","coordinates":[139.7183,35.73067]},"properties":{"id":"UAV-0110","area":"東京（都心）","altitude_m":80,"operator":"メディア空撮","purpose":"点検","airframe":"マルチコプター","speed_kmh":41.3}},{"type":"Feature","id":111,"geometry":{"type":"Point","coordinates":[139.78312,35.77628]},"properties":{"id":"UAV-0111","area":"東京（都心）","altitude_m":30,"operator":"メディア空撮","purpose":"点検","airframe":"VTOL","speed_kmh":54.4}},{"type":"Feature","id":112,"geometry":{"type":"Point","coordinates":[139.70921,35.45047]},"properties":{"id":"UAV-0112","area":"東京（都心）","altitude_m":150,"operator":"メディア空撮","purpose":"点検","airframe":"固定翼","speed_kmh":55.0}},{"type":"Feature","id":113,"geometry":{"type":"Point","coordinates":[139.69711,35.66592]},"properties":{"id":"UAV-0113","area":"東京（都心）","altitude_m":80,"operator":"メディア空撮","purpose":"物流","airframe":"固定翼","speed_kmh":49.3}},{"type":"Feature","id":114,"geometry":{"type":"Point","coordinates":[139.61301,35.87374]},"properties":{"id":"UAV-0114","area":"東京（都心）","altitude_m":150,"operator":"測量パートナーズ","purpose":"物流","airframe":"固定翼","speed_kmh":20.3}},{"type":"Feature","id":115,"geometry":{"type":"Point","coordinates":[139.64173,35.71658]},"properties":{"id":"UAV-0115","area":"東京（都心）","altitude_m":100,"operator":"LINKS物流","purpose":"点検","airframe":"固定翼","speed_kmh":23.7}},{"type":"Feature","id":116,"geometry":{"type":"Point","coordinates":[139.7292,35.7008]},"properties":{"id":"UAV-0116","area":"東京（都心）","altitude_m":100,"operator":"測量パートナーズ","purpose":"災害調査","airframe":"VTOL","speed_kmh":8.4}},{"type":"Feature","id":117,"geometry":{"type":"Point","coordinates":[139.77326,35.84043]},"properties":{"id":"UAV-0117","area":"東京（都心）","altitude_m":50,"operator":"測量パートナーズ","purpose":"点検","airframe":"VTOL","speed_kmh":35.9}},{"type":"Feature","id":118,"geometry":{"type":"Point","coordinates":[139.76916,35.59381]},"properties":{"id":"UAV-0118","area":"東京（都心）","altitude_m":30,"operator":"LINKS物流","purpose":"報道空撮","airframe":"VTOL","speed_kmh":40.2}},{"type":"Feature","id":119,"geometry":{"type":"Point","coordinates":[139.63017,35.54801]},"properties":{"id":"UAV-0119","area":"東京（都心）","altitude_m":100,"operator":"スカイデリバリー","purpose":"点検","airframe":"VTOL","speed_kmh":47.3}},{"type":"Feature","id":120,"geometry":{"type":"Point","coordinates":[139.76745,35.68476]},"properties":{"id":"UAV-0120","area":"東京（都心）","altitude_m":30,"operator":"アグリドローン","purpose":"災害調査","airframe":"固定翼","speed_kmh":29.1}},{"type":"Feature","id":121,"geometry":{"type":"Point","coordinates":[139.84377,35.68771]},"properties":{"id":"UAV-0121","area":"東京（都心）","altitude_m":30,"operator":"インフラ点検サービス","purpose":"点検","airframe":"固定翼","speed_kmh":16.9}},{"type":"Feature","id":122,"geometry":{"type":"Point","coordinates":[140.02913,35.48913]},"properties":{"id":"UAV-0122","area":"東京（都心）","altitude_m":80,"operator":"メディア空撮","purpose":"報道空撮","airframe":"固定翼","speed_kmh":47.1}},{"type":"Feature","id":123,"geometry":{"type":"Point","coordinates":[139.85455,35.69551]},"properties":{"id":"UAV-0123","area":"東京（都心）","altitude_m":100,"operator":"LINKS物流","purpose":"測量","airframe":"VTOL","speed_kmh":54.0}},{"type":"Feature","id":124,"geometry":{"type":"Point","coordinates":[139.77523,35.58128]},"properties":{"id":"UAV-0124","area":"東京（都心）","altitude_m":150,"operator":"アグリドローン","purpose":"物流","airframe":"マルチコプター","speed_kmh":58.7}},{"type":"Feature","id":125,"geometry":{"type":"Point","coordinates":[139.7778,35.69479]},"properties":{"id":"UAV-0125","area":"東京（都心）","altitude_m":50,"operator":"災害調査隊","purpose":"報道空撮","airframe":"固定翼","speed_kmh":44.0}},{"type":"Feature","id":126,"geometry":{"type":"Point","coordinates":[139.87487,35.65065]},"properties":{"id":"UAV-0126","area":"東京（都心）","altitude_m":50,"operator":"メディア空撮","purpose":"物流","airframe":"マルチコプター","speed_kmh":46.7}},{"type":"Feature","id":127,"geometry":{"type":"Point","coordinates":[139.92042,35.63925]},"properties":{"id":"UAV-0127","area":"東京（都心）","altitude_m":150,"operator":"測量パートナーズ","purpose":"災害調査","airframe":"マルチコプター","speed_kmh":24.8}},{"type":"Feature","id":128,"geometry":{"type":"Point","coordinates":[139.59333,35.645]},"properties":{"id":"UAV-0128","area":"東京（都心）","altitude_m":120,"operator":"インフラ点検サービス","purpose":"測量","airframe":"VTOL","speed_kmh":55.9}},{"type":"Feature","id":129,"geometry":{"type":"Point","coordinates":[139.68348,35.68001]},"properties":{"id":"UAV-0129","area":"東京（都心）","altitude_m":50,"operator":"メディア空撮","purpose":"点検","airframe":"固定翼","speed_kmh":18.2}},{"type":"Feature","id":130,"geometry":{"type":"Point","coordinates":[139.69191,35.66713]},"properties":{"id":"UAV-0130","area":"東京（都心）","altitude_m":100,"operator":"メディア空撮","purpose":"物流","airframe":"VTOL","speed_kmh":29.5}},{"type":"Feature","id":131,"geometry":{"type":"Point","coordinates":[140.07266,35.48783]},"properties":{"id":"UAV-0131","area":"東京（都心）","altitude_m":50,"operator":"スカイデリバリー","purpose":"物流","airframe":"固定翼","speed_kmh":36.9}},{"type":"Feature","id":132,"geometry":{"type":"Point","coordinates":[139.73317,35.62904]},"properties":{"id":"UAV-0132","area":"東京（都心）","altitude_m":120,"operator":"インフラ点検サービス","purpose":"報道空撮","airframe":"VTOL","speed_kmh":8.7}},{"type":"Feature","id":133,"geometry":{"type":"Point","coordinates":[139.59625,35.77001]},"properties":{"id":"UAV-0133","area":"東京（都心）","altitude_m":50,"operator":"メディア空撮","purpose":"測量","airframe":"マルチコプター","speed_kmh":22.0}},{"type":"Feature","id":134,"geometry":{"type":"Point","coordinates":[139.62975,35.65337]},"properties":{"id":"UAV-0134","area":"東京（都心）","altitude_m":100,"operator":"スカイデリバリー","purpose":"物流","airframe":"固定翼","speed_kmh":46.1}},{"type":"Feature","id":135,"geometry":{"type":"Point","coordinates":[139.71127,35.73206]},"properties":{"id":"UAV-0135","area":"東京（都心）","altitude_m":50,"operator":"メディア空撮","purpose":"農業","airframe":"マルチコプター","speed_kmh":51.2}},{"type":"Feature","id":136,"geometry":{"type":"Point","coordinates":[139.79348,35.68136]},"properties":{"id":"UAV-0136","area":"東京（都心）","altitude_m":100,"operator":"メディア空撮","purpose":"農業","airframe":"固定翼","speed_kmh":45.8}},{"type":"Feature","id":137,"geometry":{"type":"Point","coordinates":[139.76003,35.70807]},"properties":{"id":"UAV-0137","area":"東京（都心）","altitude_m":120,"operator":"災害調査隊","purpose":"物流","airframe":"VTOL","speed_kmh":25.0}},{"type":"Feature","id":138,"geometry":{"type":"Point","coordinates":[139.80138,35.75899]},"properties":{"id":"UAV-0138","area":"東京（都心）","altitude_m":120,"operator":"LINKS物流","purpose":"点検","airframe":"VTOL","speed_kmh":28.6}},{"type":"Feature","id":139,"geometry":{"type":"Point","coordinates":[139.7933,35.57502]},"properties":{"id":"UAV-0139","area":"東京（都心）","altitude_m":50,"operator":"スカイデリバリー","purpose":"災害調査","airframe":"VTOL","speed_kmh":25.5}},{"type":"Feature","id":140,"geometry":{"type":"Point","coordinates":[139.91482,35.59256]},"properties":{"id":"UAV-0140","area":"東京（都心）","altitude_m":120,"operator":"インフラ点検サービス","purpose":"災害調査","airframe":"マルチコプター","speed_kmh":38.5}},{"type":"Feature","id":141,"geometry":{"type":"Point","coordinates":[139.59964,35.627]},"properties":{"id":"UAV-0141","area":"東京（都心）","altitude_m":100,"operator":"測量パートナーズ","purpose":"測量","airframe":"マルチコプター","speed_kmh":7.9}},{"type":"Feature","id":142,"geometry":{"type":"Point","coordinates":[139.54632,35.6245]},"properties":{"id":"UAV-0142","area":"東京（都心）","altitude_m":80,"operator":"災害調査隊","purpose":"災害調査","airframe":"マルチコプター","speed_kmh":59.8}},{"type":"Feature","id":143,"geometry":{"type":"Point","coordinates":[139.71674,35.68125]},"properties":{"id":"UAV-0143","area":"東京（都心）","altitude_m":120,"operator":"インフラ点検サービス","purpose":"測量","airframe":"マルチコプター","speed_kmh":12.6}},{"type":"Feature","id":144,"geometry":{"type":"Point","coordinates":[139.67556,35.67449]},"properties":{"id":"UAV-0144","area":"東京（都心）","altitude_m":80,"operator":"メディア空撮","purpose":"災害調査","airframe":"VTOL","speed_kmh":1.5}},{"type":"Feature","id":145,"geometry":{"type":"Point","coordinates":[139.57392,35.70816]},"properties":{"id":"UAV-0145","area":"東京（都心）","altitude_m":80,"operator":"スカイデリバリー","purpose":"物流","airframe":"VTOL","speed_kmh":50.9}},{"type":"Feature","id":146,"geometry":{"type":"Point","coordinates":[139.61348,35.61336]},"properties":{"id":"UAV-0146","area":"東京（都心）","altitude_m":50,"operator":"インフラ点検サービス","purpose":"農業","airframe":"固定翼","speed_kmh":30.0}},{"type":"Feature","id":147,"geometry":{"type":"Point","coordinates":[139.72938,35.663]},"properties":{"id":"UAV-0147","area":"東京（都心）","altitude_m":120,"operator":"LINKS物流","purpose":"警備","airframe":"固定翼","speed_kmh":38.9}},{"type":"Feature","id":148,"geometry":{"type":"Point","coordinates":[139.81197,35.76842]},"properties":{"id":"UAV-0148","area":"東京（都心）","altitude_m":80,"operator":"測量パートナーズ","purpose":"災害調査","airframe":"固定翼","speed_kmh":40.0}},{"type":"Feature","id":149,"geometry":{"type":"Point","coordinates":[139.82268,35.61937]},"properties":{"id":"UAV-0149","area":"東京（都心）","altitude_m":80,"operator":"スカイデリバリー","purpose":"点検","airframe":"VTOL","speed_kmh":59.3}},{"type":"Feature","id":150,"geometry":{"type":"Point","coordinates":[139.75493,35.80893]},"properties":{"id":"UAV-0150","area":"東京（都心）","altitude_m":150,"operator":"スカイデリバリー","purpose":"農業","airframe":"VTOL","speed_kmh":24.6}},{"type":"Feature","id":151,"geometry":{"type":"Point","coordinates":[139.89518,35.53891]},"properties":{"id":"UAV-0151","area":"東京（都心）","altitude_m":80,"operator":"メディア空撮","purpose":"災害調査","airframe":"固定翼","speed_kmh":42.6}},{"type":"Feature","id":152,"geometry":{"type":"Point","coordinates":[139.83034,35.62956]},"properties":{"id":"UAV-0152","area":"東京（都心）","altitude_m":100,"operator":"インフラ点検サービス","purpose":"物流","airframe":"VTOL","speed_kmh":23.9}},{"type":"Feature","id":153,"geometry":{"type":"Point","coordinates":[139.63295,35.73705]},"properties":{"id":"UAV-0153","area":"東京（都心）","altitude_m":50,"operator":"スカイデリバリー","purpose":"災害調査","airframe":"マルチコプター","speed_kmh":32.1}},{"type":"Feature","id":154,"geometry":{"type":"Point","coordinates":[139.74975,35.70404]},"properties":{"id":"UAV-0154","area":"東京（都心）","altitude_m":120,"operator":"メディア空撮","purpose":"測量","airframe":"マルチコプター","speed_kmh":47.5}},{"type":"Feature","id":155,"geometry":{"type":"Point","coordinates":[139.79211,35.7473]},"properties":{"id":"UAV-0155","area":"東京（都心）","altitude_m":120,"operator":"災害調査隊","purpose":"警備","airframe":"マルチコプター","speed_kmh":56.0}},{"type":"Feature","id":156,"geometry":{"type":"Point","coordinates":[139.77513,35.66231]},"properties":{"id":"UAV-0156","area":"東京（都心）","altitude_m":80,"operator":"LINKS物流","purpose":"物流","airframe":"VTOL","speed_kmh":11.9}},{"type":"Feature","id":157,"geometry":{"type":"Point","coordinates":[139.84972,35.68064]},"properties":{"id":"UAV-0157","area":"東京（都心）","altitude_m":80,"operator":"災害調査隊","purpose":"報道空撮","airframe":"マルチコプター","speed_kmh":12.3}},{"type":"Feature","id":158,"geometry":{"type":"Point","coordinates":[139.68693,35.73812]},"properties":{"id":"UAV-0158","area":"東京（都心）","altitude_m":50,"operator":"LINKS物流","purpose":"農業","airframe":"マルチコプター","speed_kmh":5.3}},{"type":"Feature","id":159,"geometry":{"type":"Point","coordinates":[139.59377,35.70548]},"properties":{"id":"UAV-0159","area":"東京（都心）","altitude_m":120,"operator":"アグリドローン","purpose":"物流","airframe":"マルチコプター","speed_kmh":12.9}},{"type":"Feature","id":160,"geometry":{"type":"Point","coordinates":[139.64183,35.73726]},"properties":{"id":"UAV-0160","area":"東京（都心）","altitude_m":30,"operator":"スカイデリバリー","purpose":"農業","airframe":"VTOL","speed_kmh":20.6}},{"type":"Feature","id":161,"geometry":{"type":"Point","coordinates":[139.76083,35.66665]},"properties":{"id":"UAV-0161","area":"東京（都心）","altitude_m":100,"operator":"災害調査隊","purpose":"警備","airframe":"マルチコプター","speed_kmh":9.7}},{"type":"Feature","id":162,"geometry":{"type":"Point","coordinates":[139.66971,35.71581]},"properties":{"id":"UAV-0162","area":"東京（都心）","altitude_m":80,"operator":"LINKS物流","purpose":"災害調査","airframe":"マルチコプター","speed_kmh":21.5}},{"type":"Feature","id":163,"geometry":{"type":"Point","coordinates":[139.86599,35.81583]},"properties":{"id":"UAV-0163","area":"東京（都心）","altitude_m":50,"operator":"メディア空撮","purpose":"点検","airframe":"マルチコプター","speed_kmh":32.1}},{"type":"Feature","id":164,"geometry":{"type":"Point","coordinates":[139.92415,35.58856]},"properties":{"id":"UAV-0164","area":"東京（都心）","altitude_m":120,"operator":"スカイデリバリー","purpose":"点検","airframe":"マルチコプター","speed_kmh":56.0}},{"type":"Feature","id":165,"geometry":{"type":"Point","coordinates":[139.72238,35.55724]},"properties":{"id":"UAV-0165","area":"東京（都心）","altitude_m":80,"operator":"スカイデリバリー","purpose":"農業","airframe":"VTOL","speed_kmh":3.4}},{"type":"Feature","id":166,"geometry":{"type":"Point","coordinates":[139.69916,35.77074]},"properties":{"id":"UAV-0166","area":"東京（都心）","altitude_m":50,"operator":"メディア空撮","purpose":"物流","airframe":"VTOL","speed_kmh":13.7}},{"type":"Feature","id":167,"geometry":{"type":"Point","coordinates":[139.66201,35.66928]},"properties":{"id":"UAV-0167","area":"東京（都心）","altitude_m":80,"operator":"スカイデリバリー","purpose":"報道空撮","airframe":"VTOL","speed_kmh":9.5}},{"type":"Feature","id":168,"geometry":{"type":"Point","coordinates":[139.84501,35.66986]},"properties":{"id":"UAV-0168","area":"東京（都心）","altitude_m":80,"operator":"災害調査隊","purpose":"農業","airframe":"固定翼","speed_kmh":35.9}},{"type":"Feature","id":169,"geometry":{"type":"Point","coordinates":[139.68183,35.71632]},"properties":{"id":"UAV-0169","area":"東京（都心）","altitude_m":100,"operator":"アグリドローン","purpose":"災害調査","airframe":"マルチコプター","speed_kmh":38.0}},{"type":"Feature","id":170,"geometry":{"type":"Point","coordinates":[139.71479,35.70105]},"properties":{"id":"UAV-0170","area":"東京（都心）","altitude_m":80,"operator":"メディア空撮","purpose":"測量","airframe":"マルチコプター","speed_kmh":52.4}},{"type":"Feature","id":171,"geometry":{"type":"Point","coordinates":[139.76795,35.6532]},"properties":{"id":"UAV-0171","area":"東京（都心）","altitude_m":100,"operator":"災害調査隊","purpose":"災害調査","airframe":"VTOL","speed_kmh":28.1}},{"type":"Feature","id":172,"geometry":{"type":"Point","coordinates":[139.96153,35.84311]},"properties":{"id":"UAV-0172","area":"東京（都心）","altitude_m":30,"operator":"アグリドローン","purpose":"点検","airframe":"マルチコプター","speed_kmh":40.5}},{"type":"Feature","id":173,"geometry":{"type":"Point","coordinates":[139.65235,35.74117]},"properties":{"id":"UAV-0173","area":"東京（都心）","altitude_m":30,"operator":"メディア空撮","purpose":"警備","airframe":"VTOL","speed_kmh":35.2}},{"type":"Feature","id":174,"geometry":{"type":"Point","coordinates":[140.01912,35.62697]},"properties":{"id":"UAV-0174","area":"東京（都心）","altitude_m":30,"operator":"LINKS物流","purpose":"測量","airframe":"VTOL","speed_kmh":1.6}},{"type":"Feature","id":175,"geometry":{"type":"Point","coordinates":[139.63962,35.61573]},"properties":{"id":"UAV-0175","area":"東京（都心）","altitude_m":30,"operator":"メディア空撮","purpose":"報道空撮","airframe":"マルチコプター","speed_kmh":43.8}},{"type":"Feature","id":176,"geometry":{"type":"Point","coordinates":[139.81134,35.61083]},"properties":{"id":"UAV-0176","area":"東京（都心）","altitude_m":50,"operator":"アグリドローン","purpose":"物流","airframe":"マルチコプター","speed_kmh":17.9}},{"type":"Feature","id":177,"geometry":{"type":"Point","coordinates":[139.64348,35.67088]},"properties":{"id":"UAV-0177","area":"東京（都心）","altitude_m":100,"operator":"測量パートナーズ","purpose":"測量","airframe":"固定翼","speed_kmh":56.2}},{"type":"Feature","id":178,"geometry":{"type":"Point","coordinates":[139.7296,35.61277]},"properties":{"id":"UAV-0178","area":"東京（都心）","altitude_m":80,"operator":"スカイデリバリー","purpose":"測量","airframe":"固定翼","speed_kmh":58.9}},{"type":"Feature","id":179,"geometry":{"type":"Point","coordinates":[139.83757,35.67747]},"properties":{"id":"UAV-0179","area":"東京（都心）","altitude_m":150,"operator":"測量パートナーズ","purpose":"農業","airframe":"固定翼","speed_kmh":30.7}},{"type":"Feature","id":180,"geometry":{"type":"Point","coordinates":[139.84205,35.66663]},"properties":{"id":"UAV-0180","area":"東京（都心）","altitude_m":80,"operator":"LINKS物流","purpose":"警備","airframe":"マルチコプター","speed_kmh":50.0}},{"type":"Feature","id":181,"geometry":{"type":"Point","coordinates":[139.75173,35.70316]},"properties":{"id":"UAV-0181","area":"東京（都心）","altitude_m":30,"operator":"メディア空撮","purpose":"物流","airframe":"マルチコプター","speed_kmh":8.5}},{"type":"Feature","id":182,"geometry":{"type":"Point","coordinates":[139.86133,35.57751]},"properties":{"id":"UAV-0182","area":"東京（都心）","altitude_m":50,"operator":"災害調査隊","purpose":"警備","airframe":"マルチコプター","speed_kmh":55.7}},{"type":"Feature","id":183,"geometry":{"type":"Point","coordinates":[139.83762,35.70029]},"properties":{"id":"UAV-0183","area":"東京（都心）","altitude_m":30,"operator":"アグリドローン","purpose":"報道空撮","airframe":"マルチコプター","speed_kmh":52.7}},{"type":"Feature","id":184,"geometry":{"type":"Point","coordinates":[139.7502,35.71831]},"properties":{"id":"UAV-0184","area":"東京（都心）","altitude_m":30,"operator":"アグリドローン","purpose":"警備","airframe":"マルチコプター","speed_kmh":51.1}},{"type":"Feature","id":185,"geometry":{"type":"Point","coordinates":[139.60479,35.62229]},"properties":{"id":"UAV-0185","area":"東京（都心）","altitude_m":120,"operator":"メディア空撮","purpose":"報道空撮","airframe":"マルチコプター","speed_kmh":44.8}},{"type":"Feature","id":186,"geometry":{"type":"Point","coordinates":[139.87075,35.77539]},"properties":{"id":"UAV-0186","area":"東京（都心）","altitude_m":120,"operator":"メディア空撮","purpose":"点検","airframe":"固定翼","speed_kmh":17.3}},{"type":"Feature","id":187,"geometry":{"type":"Point","coordinates":[139.76738,35.71645]},"properties":{"id":"UAV-0187","area":"東京（都心）","altitude_m":150,"operator":"インフラ点検サービス","purpose":"報道空撮","airframe":"VTOL","speed_kmh":11.4}},{"type":"Feature","id":188,"geometry":{"type":"Point","coordinates":[139.59559,35.84171]},"properties":{"id":"UAV-0188","area":"東京（都心）","altitude_m":150,"operator":"インフラ点検サービス","purpose":"物流","airframe":"固定翼","speed_kmh":19.5}},{"type":"Feature","id":189,"geometry":{"type":"Point","coordinates":[139.92965,35.63032]},"properties":{"id":"UAV-0189","area":"東京（都心）","altitude_m":100,"operator":"インフラ点検サービス","purpose":"報道空撮","airframe":"VTOL","speed_kmh":40.9}},{"type":"Feature","id":190,"geometry":{"type":"Point","coordinates":[139.89745,35.70108]},"properties":{"id":"UAV-0190","area":"東京（都心）","altitude_m":80,"operator":"LINKS物流","purpose":"測量","airframe":"固定翼","speed_kmh":44.8}},{"type":"Feature","id":191,"geometry":{"type":"Point","coordinates":[139.61013,35.74253]},"properties":{"id":"UAV-0191","area":"東京（都心）","altitude_m":80,"operator":"インフラ点検サービス","purpose":"報道空撮","airframe":"マルチコプター","speed_kmh":32.5}},{"type":"Feature","id":192,"geometry":{"type":"Point","coordinates":[139.68172,35.70885]},"properties":{"id":"UAV-0192","area":"東京（都心）","altitude_m":120,"operator":"測量パートナーズ","purpose":"測量","airframe":"マルチコプター","speed_kmh":42.6}},{"type":"Feature","id":193,"geometry":{"type":"Point","coordinates":[139.88805,35.54548]},"properties":{"id":"UAV-0193","area":"東京（都心）","altitude_m":100,"operator":"スカイデリバリー","purpose":"災害調査","airframe":"マルチコプター","speed_kmh":18.2}},{"type":"Feature","id":194,"geometry":{"type":"Point","coordinates":[139.98554,35.70205]},"properties":{"id":"UAV-0194","area":"東京（都心）","altitude_m":80,"operator":"スカイデリバリー","purpose":"災害調査","airframe":"固定翼","speed_kmh":53.2}},{"type":"Feature","id":195,"geometry":{"type":"Point","coordinates":[139.65776,35.52328]},"properties":{"id":"UAV-0195","area":"東京（都心）","altitude_m":120,"operator":"スカイデリバリー","purpose":"報道空撮","airframe":"固定翼","speed_kmh":34.4}},{"type":"Feature","id":196,"geometry":{"type":"Point","coordinates":[139.90514,35.63929]},"properties":{"id":"UAV-0196","area":"東京（都心）","altitude_m":80,"operator":"災害調査隊","purpose":"警備","airframe":"マルチコプター","speed_kmh":19.1}},{"type":"Feature","id":197,"geometry":{"type":"Point","coordinates":[139.77231,35.65451]},"properties":{"id":"UAV-0197","area":"東京（都心）","altitude_m":120,"operator":"メディア空撮","purpose":"警備","airframe":"VTOL","speed_kmh":15.4}},{"type":"Feature","id":198,"geometry":{"type":"Point","coordinates":[139.8851,35.55862]},"properties":{"id":"UAV-0198","area":"東京（都心）","altitude_m":80,"operator":"スカイデリバリー","purpose":"警備","airframe":"固定翼","speed_kmh":50.5}},{"type":"Feature","id":199,"geometry":{"type":"Point","coordinates":[139.5841,35.76768]},"properties":{"id":"UAV-0199","area":"東京（都心）","altitude_m":100,"operator":"災害調査隊","purpose":"報道空撮","airframe":"マルチコプター","speed_kmh":30.0}},{"type":"Feature","id":200,"geometry":{"type":"Point","coordinates":[139.90397,35.67705]},"properties":{"id":"UAV-0200","area":"東京（都心）","altitude_m":50,"operator":"メディア空撮","purpose":"災害調査","airframe":"固定翼","speed_kmh":22.7}},{"type":"Feature","id":201,"geometry":{"type":"Point","coordinates":[139.69498,35.67048]},"properties":{"id":"UAV-0201","area":"東京（都心）","altitude_m":100,"operator":"インフラ点検サービス","purpose":"農業","airframe":"固定翼","speed_kmh":2.7}},{"type":"Feature","id":202,"geometry":{"type":"Point","coordinates":[139.7549,35.7637]},"properties":{"id":"UAV-0202","area":"東京（都心）","altitude_m":80,"operator":"スカイデリバリー","purpose":"点検","airframe":"VTOL","speed_kmh":6.1}},{"type":"Feature","id":203,"geometry":{"type":"Point","coordinates":[139.69922,35.64356]},"properties":{"id":"UAV-0203","area":"東京（都心）","altitude_m":150,"operator":"災害調査隊","purpose":"報道空撮","airframe":"マルチコプター","speed_kmh":0.0}},{"type":"Feature","id":204,"geometry":{"type":"Point","coordinates":[139.53925,35.77183]},"properties":{"id":"UAV-0204","area":"東京（都心）","altitude_m":50,"operator":"メディア空撮","purpose":"測量","airframe":"VTOL","speed_kmh":6.6}},{"type":"Feature","id":205,"geometry":{"type":"Point","coordinates":[139.70496,35.57052]},"properties":{"id":"UAV-0205","area":"東京（都心）","altitude_m":30,"operator":"インフラ点検サービス","purpose":"点検","airframe":"固定翼","speed_kmh":42.6}},{"type":"Feature","id":206,"geometry":{"type":"Point","coordinates":[139.64636,35.72296]},"properties":{"id":"UAV-0206","area":"東京（都心）","altitude_m":30,"operator":"メディア空撮","purpose":"報道空撮","airframe":"VTOL","speed_kmh":47.5}},{"type":"Feature","id":207,"geometry":{"type":"Point","coordinates":[139.77904,35.83197]},"properties":{"id":"UAV-0207","area":"東京（都心）","altitude_m":30,"operator":"災害調査隊","purpose":"農業","airframe":"固定翼","speed_kmh":11.3}},{"type":"Feature","id":208,"geometry":{"type":"Point","coordinates":[139.72725,35.67566]},"properties":{"id":"UAV-0208","area":"東京（都心）","altitude_m":150,"operator":"メディア空撮","purpose":"農業","airframe":"固定翼","speed_kmh":46.9}},{"type":"Feature","id":209,"geometry":{"type":"Point","coordinates":[139.74792,35.84529]},"properties":{"id":"UAV-0209","area":"東京（都心）","altitude_m":30,"operator":"測量パートナーズ","purpose":"災害調査","airframe":"マルチコプター","speed_kmh":44.4}},{"type":"Feature","id":210,"geometry":{"type":"Point","coordinates":[139.79943,35.62389]},"properties":{"id":"UAV-0210","area":"東京（都心）","altitude_m":100,"operator":"スカイデリバリー","purpose":"物流","airframe":"VTOL","speed_kmh":3.5}},{"type":"Feature","id":211,"geometry":{"type":"Point","coordinates":[139.6722,35.6701]},"properties":{"id":"UAV-0211","area":"東京（都心）","altitude_m":150,"operator":"測量パートナーズ","purpose":"報道空撮","airframe":"VTOL","speed_kmh":51.0}},{"type":"Feature","id":212,"geometry":{"type":"Point","coordinates":[139.86309,35.51474]},"properties":{"id":"UAV-0212","area":"東京（都心）","altitude_m":80,"operator":"アグリドローン","purpose":"災害調査","airframe":"VTOL","speed_kmh":30.6}},{"type":"Feature","id":213,"geometry":{"type":"Point","coordinates":[139.71765,35.60885]},"properties":{"id":"UAV-0213","area":"東京（都心）","altitude_m":150,"operator":"LINKS物流","purpose":"測量","airframe":"VTOL","speed_kmh":17.7}},{"type":"Feature","id":214,"geometry":{"type":"Point","coordinates":[139.83975,35.61148]},"properties":{"id":"UAV-0214","area":"東京（都心）","altitude_m":150,"operator":"LINKS物流","purpose":"報道空撮","airframe":"マルチコプター","speed_kmh":53.6}},{"type":"Feature","id":215,"geometry":{"type":"Point","coordinates":[139.76511,35.62312]},"properties":{"id":"UAV-0215","area":"東京（都心）","altitude_m":120,"operator":"LINKS物流","purpose":"測量","airframe":"VTOL","speed_kmh":9.2}},{"type":"Feature","id":216,"geometry":{"type":"Point","coordinates":[139.71498,35.51202]},"properties":{"id":"UAV-0216","area":"東京（都心）","altitude_m":30,"operator":"災害調査隊","purpose":"農業","airframe":"マルチコプター","speed_kmh":34.8}},{"type":"Feature","id":217,"geometry":{"type":"Point","coordinates":[139.79428,35.79507]},"properties":{"id":"UAV-0217","area":"東京（都心）","altitude_m":120,"operator":"メディア空撮","purpose":"点検","airframe":"VTOL","speed_kmh":19.7}},{"type":"Feature","id":218,"geometry":{"type":"Point","coordinates":[139.88881,35.8165]},"properties":{"id":"UAV-0218","area":"東京（都心）","altitude_m":80,"operator":"LINKS物流","purpose":"測量","airframe":"マルチコプター","speed_kmh":19.3}},{"type":"Feature","id":219,"geometry":{"type":"Point","coordinates":[139.88975,35.57844]},"properties":{"id":"UAV-0219","area":"東京（都心）","altitude_m":120,"operator":"LINKS物流","purpose":"農業","airframe":"マルチコプター","speed_kmh":42.0}},{"type":"Feature","id":220,"geometry":{"type":"Point","coordinates":[139.62583,35.70419]},"properties":{"id":"UAV-0220","area":"東京（都心）","altitude_m":80,"operator":"LINKS物流","purpose":"測量","airframe":"VTOL","speed_kmh":14.6}},{"type":"Feature","id":221,"geometry":{"type":"Point","coordinates":[139.58907,35.39513]},"properties":{"id":"UAV-0221","area":"横浜・川崎","altitude_m":120,"operator":"メディア空撮","purpose":"農業","airframe":"VTOL","speed_kmh":43.1}},{"type":"Feature","id":222,"geometry":{"type":"Point","coordinates":[139.63735,35.41639]},"properties":{"id":"UAV-0222","area":"横浜・川崎","altitude_m":80,"operator":"アグリドローン","purpose":"報道空撮","airframe":"固定翼","speed_kmh":16.0}},{"type":"Feature","id":223,"geometry":{"type":"Point","coordinates":[139.60561,35.4106]},"properties":{"id":"UAV-0223","area":"横浜・川崎","altitude_m":30,"operator":"測量パートナーズ","purpose":"報道空撮","airframe":"固定翼","speed_kmh":44.2}},{"type":"Feature","id":224,"geometry":{"type":"Point","coordinates":[139.63903,35.37633]},"properties":{"id":"UAV-0224","area":"横浜・川崎","altitude_m":150,"operator":"スカイデリバリー","purpose":"測量","airframe":"マルチコプター","speed_kmh":28.2}},{"type":"Feature","id":225,"geometry":{"type":"Point","coordinates":[139.66414,35.43123]},"properties":{"id":"UAV-0225","area":"横浜・川崎","altitude_m":30,"operator":"スカイデリバリー","purpose":"報道空撮","airframe":"VTOL","speed_kmh":27.4}},{"type":"Feature","id":226,"geometry":{"type":"Point","coordinates":[139.64332,35.54202]},"properties":{"id":"UAV-0226","area":"横浜・川崎","altitude_m":50,"operator":"災害調査隊","purpose":"点検","airframe":"VTOL","speed_kmh":25.7}},{"type":"Feature","id":227,"geometry":{"type":"Point","coordinates":[139.52947,35.41043]},"properties":{"id":"UAV-0227","area":"横浜・川崎","altitude_m":150,"operator":"災害調査隊","purpose":"物流","airframe":"VTOL","speed_kmh":0.2}},{"type":"Feature","id":228,"geometry":{"type":"Point","coordinates":[139.57519,35.45261]},"properties":{"id":"UAV-0228","area":"横浜・川崎","altitude_m":30,"operator":"メディア空撮","purpose":"警備","airframe":"固定翼","speed_kmh":4.9}},{"type":"Feature","id":229,"geometry":{"type":"Point","coordinates":[139.63598,35.35179]},"properties":{"id":"UAV-0229","area":"横浜・川崎","altitude_m":150,"operator":"アグリドローン","purpose":"農業","airframe":"マルチコプター","speed_kmh":9.1}},{"type":"Feature","id":230,"geometry":{"type":"Point","coordinates":[139.63067,35.47685]},"properties":{"id":"UAV-0230","area":"横浜・川崎","altitude_m":50,"operator":"スカイデリバリー","purpose":"農業","airframe":"固定翼","speed_kmh":26.3}},{"type":"Feature","id":231,"geometry":{"type":"Point","coordinates":[139.68451,35.41362]},"properties":{"id":"UAV-0231","area":"横浜・川崎","altitude_m":30,"operator":"災害調査隊","purpose":"報道空撮","airframe":"マルチコプター","speed_kmh":35.0}},{"type":"Feature","id":232,"geometry":{"type":"Point","coordinates":[139.6879,35.36868]},"properties":{"id":"UAV-0232","area":"横浜・川崎","altitude_m":50,"operator":"スカイデリバリー","purpose":"報道空撮","airframe":"VTOL","speed_kmh":25.1}},{"type":"Feature","id":233,"geometry":{"type":"Point","coordinates":[139.57164,35.36146]},"properties":{"id":"UAV-0233","area":"横浜・川崎","altitude_m":120,"operator":"スカイデリバリー","purpose":"警備","airframe":"固定翼","speed_kmh":33.8}},{"type":"Feature","id":234,"geometry":{"type":"Point","coordinates":[139.5927,35.49148]},"properties":{"id":"UAV-0234","area":"横浜・川崎","altitude_m":80,"operator":"測量パートナーズ","purpose":"物流","airframe":"VTOL","speed_kmh":3.6}},{"type":"Feature","id":235,"geometry":{"type":"Point","coordinates":[139.64313,35.41174]},"properties":{"id":"UAV-0235","area":"横浜・川崎","altitude_m":80,"operator":"測量パートナーズ","purpose":"物流","airframe":"固定翼","speed_kmh":34.2}},{"type":"Feature","id":236,"geometry":{"type":"Point","coordinates":[139.63067,35.44798]},"properties":{"id":"UAV-0236","area":"横浜・川崎","altitude_m":80,"operator":"メディア空撮","purpose":"点検","airframe":"固定翼","speed_kmh":29.7}},{"type":"Feature","id":237,"geometry":{"type":"Point","coordinates":[139.67942,35.55282]},"properties":{"id":"UAV-0237","area":"横浜・川崎","altitude_m":80,"operator":"災害調査隊","purpose":"警備","airframe":"固定翼","speed_kmh":57.9}},{"type":"Feature","id":238,"geometry":{"type":"Point","coordinates":[139.57741,35.44061]},"properties":{"id":"UAV-0238","area":"横浜・川崎","altitude_m":150,"operator":"スカイデリバリー","purpose":"物流","airframe":"VTOL","speed_kmh":40.3}},{"type":"Feature","id":239,"geometry":{"type":"Point","coordinates":[139.71163,35.47483]},"properties":{"id":"UAV-0239","area":"横浜・川崎","altitude_m":150,"operator":"測量パートナーズ","purpose":"報道空撮","airframe":"VTOL","speed_kmh":20.6}},{"type":"Feature","id":240,"geometry":{"type":"Point","coordinates":[139.576,35.43287]},"properties":{"id":"UAV-0240","area":"横浜・川崎","altitude_m":80,"operator":"災害調査隊","purpose":"農業","airframe":"マルチコプター","speed_kmh":42.9}},{"type":"Feature","id":241,"geometry":{"type":"Point","coordinates":[139.58045,35.44615]},"properties":{"id":"UAV-0241","area":"横浜・川崎","altitude_m":50,"operator":"アグリドローン","purpose":"測量","airframe":"固定翼","speed_kmh":8.2}},{"type":"Feature","id":242,"geometry":{"type":"Point","coordinates":[139.56433,35.48804]},"properties":{"id":"UAV-0242","area":"横浜・川崎","altitude_m":100,"operator":"測量パートナーズ","purpose":"災害調査","airframe":"マルチコプター","speed_kmh":50.0}},{"type":"Feature","id":243,"geometry":{"type":"Point","coordinates":[139.63877,35.52117]},"properties":{"id":"UAV-0243","area":"横浜・川崎","altitude_m":50,"operator":"メディア空撮","purpose":"測量","airframe":"VTOL","speed_kmh":17.1}},{"type":"Feature","id":244,"geometry":{"type":"Point","coordinates":[139.59907,35.47824]},"properties":{"id":"UAV-0244","area":"横浜・川崎","altitude_m":30,"operator":"測量パートナーズ","purpose":"報道空撮","airframe":"VTOL","speed_kmh":38.9}},{"type":"Feature","id":245,"geometry":{"type":"Point","coordinates":[139.64792,35.37243]},"properties":{"id":"UAV-0245","area":"横浜・川崎","altitude_m":120,"operator":"災害調査隊","purpose":"測量","airframe":"マルチコプター","speed_kmh":53.0}},{"type":"Feature","id":246,"geometry":{"type":"Point","coordinates":[139.67622,35.46361]},"properties":{"id":"UAV-0246","area":"横浜・川崎","altitude_m":30,"operator":"メディア空撮","purpose":"災害調査","airframe":"VTOL","speed_kmh":17.8}},{"type":"Feature","id":247,"geometry":{"type":"Point","coordinates":[139.62505,35.45361]},"properties":{"id":"UAV-0247","area":"横浜・川崎","altitude_m":80,"operator":"測量パートナーズ","purpose":"農業","airframe":"固定翼","speed_kmh":0.5}},{"type":"Feature","id":248,"geometry":{"type":"Point","coordinates":[139.65812,35.36369]},"properties":{"id":"UAV-0248","area":"横浜・川崎","altitude_m":80,"operator":"メディア空撮","purpose":"警備","airframe":"固定翼","speed_kmh":34.3}},{"type":"Feature","id":249,"geometry":{"type":"Point","coordinates":[139.72388,35.45374]},"properties":{"id":"UAV-0249","area":"横浜・川崎","altitude_m":150,"operator":"測量パートナーズ","purpose":"測量","airframe":"マルチコプター","speed_kmh":50.6}},{"type":"Feature","id":250,"geometry":{"type":"Point","coordinates":[139.6889,35.50613]},"properties":{"id":"UAV-0250","area":"横浜・川崎","altitude_m":50,"operator":"測量パートナーズ","purpose":"農業","airframe":"固定翼","speed_kmh":47.1}},{"type":"Feature","id":251,"geometry":{"type":"Point","coordinates":[139.64345,35.44441]},"properties":{"id":"UAV-0251","area":"横浜・川崎","altitude_m":30,"operator":"アグリドローン","purpose":"報道空撮","airframe":"VTOL","speed_kmh":44.8}},{"type":"Feature","id":252,"geometry":{"type":"Point","coordinates":[139.65358,35.38777]},"properties":{"id":"UAV-0252","area":"横浜・川崎","altitude_m":50,"operator":"LINKS物流","purpose":"物流","airframe":"マルチコプター","speed_kmh":3.1}},{"type":"Feature","id":253,"geometry":{"type":"Point","coordinates":[139.68637,35.38274]},"properties":{"id":"UAV-0253","area":"横浜・川崎","altitude_m":100,"operator":"インフラ点検サービス","purpose":"農業","airframe":"マルチコプター","speed_kmh":45.9}},{"type":"Feature","id":254,"geometry":{"type":"Point","coordinates":[139.70393,35.45559]},"properties":{"id":"UAV-0254","area":"横浜・川崎","altitude_m":80,"operator":"メディア空撮","purpose":"物流","airframe":"マルチコプター","speed_kmh":48.8}},{"type":"Feature","id":255,"geometry":{"type":"Point","coordinates":[139.64688,35.41063]},"properties":{"id":"UAV-0255","area":"横浜・川崎","altitude_m":50,"operator":"メディア空撮","purpose":"報道空撮","airframe":"固定翼","speed_kmh":8.7}},{"type":"Feature","id":256,"geometry":{"type":"Point","coordinates":[139.47179,35.39517]},"properties":{"id":"UAV-0256","area":"横浜・川崎","altitude_m":120,"operator":"スカイデリバリー","purpose":"警備","airframe":"固定翼","speed_kmh":24.5}},{"type":"Feature","id":257,"geometry":{"type":"Point","coordinates":[139.69103,35.4575]},"properties":{"id":"UAV-0257","area":"横浜・川崎","altitude_m":80,"operator":"インフラ点検サービス","purpose":"警備","airframe":"固定翼","speed_kmh":30.0}},{"type":"Feature","id":258,"geometry":{"type":"Point","coordinates":[139.64033,35.46959]},"properties":{"id":"UAV-0258","area":"横浜・川崎","altitude_m":120,"operator":"メディア空撮","purpose":"警備","airframe":"固定翼","speed_kmh":57.2}},{"type":"Feature","id":259,"geometry":{"type":"Point","coordinates":[139.50691,35.46751]},"properties":{"id":"UAV-0259","area":"横浜・川崎","altitude_m":150,"operator":"メディア空撮","purpose":"点検","airframe":"VTOL","speed_kmh":58.7}},{"type":"Feature","id":260,"geometry":{"type":"Point","coordinates":[139.64984,35.4796]},"properties":{"id":"UAV-0260","area":"横浜・川崎","altitude_m":150,"operator":"スカイデリバリー","purpose":"農業","airframe":"マルチコプター","speed_kmh":28.5}},{"type":"Feature","id":261,"geometry":{"type":"Point","coordinates":[139.57819,35.40732]},"properties":{"id":"UAV-0261","area":"横浜・川崎","altitude_m":30,"operator":"測量パートナーズ","purpose":"災害調査","airframe":"VTOL","speed_kmh":12.2}},{"type":"Feature","id":262,"geometry":{"type":"Point","coordinates":[139.6552,35.44547]},"properties":{"id":"UAV-0262","area":"横浜・川崎","altitude_m":50,"operator":"LINKS物流","purpose":"農業","airframe":"VTOL","speed_kmh":47.4}},{"type":"Feature","id":263,"geometry":{"type":"Point","coordinates":[139.60918,35.36878]},"properties":{"id":"UAV-0263","area":"横浜・川崎","altitude_m":100,"operator":"LINKS物流","purpose":"農業","airframe":"VTOL","speed_kmh":3.5}},{"type":"Feature","id":264,"geometry":{"type":"Point","coordinates":[139.65831,35.48702]},"properties":{"id":"UAV-0264","area":"横浜・川崎","altitude_m":30,"operator":"スカイデリバリー","purpose":"農業","airframe":"固定翼","speed_kmh":9.7}},{"type":"Feature","id":265,"geometry":{"type":"Point","coordinates":[139.80226,35.48473]},"properties":{"id":"UAV-0265","area":"横浜・川崎","altitude_m":100,"operator":"LINKS物流","purpose":"農業","airframe":"固定翼","speed_kmh":22.8}},{"type":"Feature","id":266,"geometry":{"type":"Point","coordinates":[139.71098,35.47242]},"properties":{"id":"UAV-0266","area":"横浜・川崎","altitude_m":80,"operator":"災害調査隊","purpose":"物流","airframe":"マルチコプター","speed_kmh":37.3}},{"type":"Feature","id":267,"geometry":{"type":"Point","coordinates":[139.78348,35.48292]},"properties":{"id":"UAV-0267","area":"横浜・川崎","altitude_m":120,"operator":"アグリドローン","purpose":"農業","airframe":"VTOL","speed_kmh":48.7}},{"type":"Feature","id":268,"geometry":{"type":"Point","coordinates":[139.63004,35.38744]},"properties":{"id":"UAV-0268","area":"横浜・川崎","altitude_m":30,"operator":"測量パートナーズ","purpose":"測量","airframe":"VTOL","speed_kmh":31.0}},{"type":"Feature","id":269,"geometry":{"type":"Point","coordinates":[139.6088,35.42276]},"properties":{"id":"UAV-0269","area":"横浜・川崎","altitude_m":30,"operator":"アグリドローン","purpose":"物流","airframe":"VTOL","speed_kmh":4.6}},{"type":"Feature","id":270,"geometry":{"type":"Point","coordinates":[139.58584,35.37911]},"properties":{"id":"UAV-0270","area":"横浜・川崎","altitude_m":50,"operator":"メディア空撮","purpose":"報道空撮","airframe":"VTOL","speed_kmh":36.8}},{"type":"Feature","id":271,"geometry":{"type":"Point","coordinates":[139.66472,35.50031]},"properties":{"id":"UAV-0271","area":"横浜・川崎","altitude_m":150,"operator":"測量パートナーズ","purpose":"農業","airframe":"固定翼","speed_kmh":30.0}},{"type":"Feature","id":272,"geometry":{"type":"Point","coordinates":[139.72899,35.41441]},"properties":{"id":"UAV-0272","area":"横浜・川崎","altitude_m":100,"operator":"アグリドローン","purpose":"報道空撮","airframe":"固定翼","speed_kmh":1.2}},{"type":"Feature","id":273,"geometry":{"type":"Point","coordinates":[139.5979,35.47439]},"properties":{"id":"UAV-0273","area":"横浜・川崎","altitude_m":150,"operator":"LINKS物流","purpose":"測量","airframe":"固定翼","speed_kmh":24.5}},{"type":"Feature","id":274,"geometry":{"type":"Point","coordinates":[139.7676,35.56374]},"properties":{"id":"UAV-0274","area":"横浜・川崎","altitude_m":30,"operator":"測量パートナーズ","purpose":"物流","airframe":"固定翼","speed_kmh":0.8}},{"type":"Feature","id":275,"geometry":{"type":"Point","coordinates":[139.62675,35.50156]},"properties":{"id":"UAV-0275","area":"横浜・川崎","altitude_m":120,"operator":"スカイデリバリー","purpose":"物流","airframe":"マルチコプター","speed_kmh":54.3}},{"type":"Feature","id":276,"geometry":{"type":"Point","coordinates":[139.62642,35.37928]},"properties":{"id":"UAV-0276","area":"横浜・川崎","altitude_m":100,"operator":"LINKS物流","purpose":"報道空撮","airframe":"マルチコプター","speed_kmh":3.3}},{"type":"Feature","id":277,"geometry":{"type":"Point","coordinates":[139.53022,35.44573]},"properties":{"id":"UAV-0277","area":"横浜・川崎","altitude_m":150,"operator":"災害調査隊","purpose":"測量","airframe":"固定翼","speed_kmh":17.8}},{"type":"Feature","id":278,"geometry":{"type":"Point","coordinates":[139.63958,35.46382]},"properties":{"id":"UAV-0278","area":"横浜・川崎","altitude_m":100,"operator":"スカイデリバリー","purpose":"農業","airframe":"マルチコプター","speed_kmh":12.0}},{"type":"Feature","id":279,"geometry":{"type":"Point","coordinates":[139.73042,35.4338]},"properties":{"id":"UAV-0279","area":"横浜・川崎","altitude_m":120,"operator":"メディア空撮","purpose":"警備","airframe":"固定翼","speed_kmh":18.0}},{"type":"Feature","id":280,"geometry":{"type":"Point","coordinates":[139.65939,35.5231]},"properties":{"id":"UAV-0280","area":"横浜・川崎","altitude_m":50,"operator":"スカイデリバリー","purpose":"農業","airframe":"マルチコプター","speed_kmh":47.7}},{"type":"Feature","id":281,"geometry":{"type":"Point","coordinates":[139.58074,35.44201]},"properties":{"id":"UAV-0281","area":"横浜・川崎","altitude_m":120,"operator":"測量パートナーズ","purpose":"農業","airframe":"固定翼","speed_kmh":54.3}},{"type":"Feature","id":282,"geometry":{"type":"Point","coordinates":[139.59125,35.38374]},"properties":{"id":"UAV-0282","area":"横浜・川崎","altitude_m":150,"operator":"災害調査隊","purpose":"測量","airframe":"VTOL","speed_kmh":32.4}},{"type":"Feature","id":283,"geometry":{"type":"Point","coordinates":[139.61878,35.42145]},"properties":{"id":"UAV-0283","area":"横浜・川崎","altitude_m":50,"operator":"スカイデリバリー","purpose":"点検","airframe":"VTOL","speed_kmh":50.2}},{"type":"Feature","id":284,"geometry":{"type":"Point","coordinates":[139.59039,35.53241]},"properties":{"id":"UAV-0284","area":"横浜・川崎","altitude_m":30,"operator":"スカイデリバリー","purpose":"報道空撮","airframe":"マルチコプター","speed_kmh":27.2}},{"type":"Feature","id":285,"geometry":{"type":"Point","coordinates":[139.69188,35.50384]},"properties":{"id":"UAV-0285","area":"横浜・川崎","altitude_m":80,"operator":"測量パートナーズ","purpose":"災害調査","airframe":"マルチコプター","speed_kmh":19.7}},{"type":"Feature","id":286,"geometry":{"type":"Point","coordinates":[139.61276,35.49772]},"properties":{"id":"UAV-0286","area":"横浜・川崎","altitude_m":30,"operator":"インフラ点検サービス","purpose":"農業","airframe":"固定翼","speed_kmh":58.1}},{"type":"Feature","id":287,"geometry":{"type":"Point","coordinates":[139.63779,35.48638]},"properties":{"id":"UAV-0287","area":"横浜・川崎","altitude_m":120,"operator":"スカイデリバリー","purpose":"測量","airframe":"VTOL","speed_kmh":25.0}},{"type":"Feature","id":288,"geometry":{"type":"Point","coordinates":[139.52806,35.47428]},"properties":{"id":"UAV-0288","area":"横浜・川崎","altitude_m":100,"operator":"アグリドローン","purpose":"農業","airframe":"VTOL","speed_kmh":18.6}},{"type":"Feature","id":289,"geometry":{"type":"Point","coordinates":[139.63063,35.46615]},"properties":{"id":"UAV-0289","area":"横浜・川崎","altitude_m":30,"operator":"測量パートナーズ","purpose":"報道空撮","airframe":"VTOL","speed_kmh":42.4}},{"type":"Feature","id":290,"geometry":{"type":"Point","coordinates":[139.67762,35.48214]},"properties":{"id":"UAV-0290","area":"横浜・川崎","altitude_m":150,"operator":"アグリドローン","purpose":"災害調査","airframe":"マルチコプター","speed_kmh":19.2}},{"type":"Feature","id":291,"geometry":{"type":"Point","coordinates":[139.65032,35.54038]},"properties":{"id":"UAV-0291","area":"横浜・川崎","altitude_m":120,"operator":"アグリドローン","purpose":"農業","airframe":"固定翼","speed_kmh":1.8}},{"type":"Feature","id":292,"geometry":{"type":"Point","coordinates":[139.67098,35.42138]},"properties":{"id":"UAV-0292","area":"横浜・川崎","altitude_m":80,"operator":"災害調査隊","purpose":"農業","airframe":"VTOL","speed_kmh":8.0}},{"type":"Feature","id":293,"geometry":{"type":"Point","coordinates":[139.61167,35.36489]},"properties":{"id":"UAV-0293","area":"横浜・川崎","altitude_m":150,"operator":"メディア空撮","purpose":"農業","airframe":"固定翼","speed_kmh":36.7}},{"type":"Feature","id":294,"geometry":{"type":"Point","coordinates":[139.75658,35.3796]},"properties":{"id":"UAV-0294","area":"横浜・川崎","altitude_m":100,"operator":"災害調査隊","purpose":"警備","airframe":"マルチコプター","speed_kmh":25.3}},{"type":"Feature","id":295,"geometry":{"type":"Point","coordinates":[139.54837,35.44871]},"properties":{"id":"UAV-0295","area":"横浜・川崎","altitude_m":50,"operator":"メディア空撮","purpose":"農業","airframe":"マルチコプター","speed_kmh":46.7}},{"type":"Feature","id":296,"geometry":{"type":"Point","coordinates":[139.64287,35.55497]},"properties":{"id":"UAV-0296","area":"横浜・川崎","altitude_m":80,"operator":"メディア空撮","purpose":"農業","airframe":"VTOL","speed_kmh":56.8}},{"type":"Feature","id":297,"geometry":{"type":"Point","coordinates":[139.66797,35.37592]},"properties":{"id":"UAV-0297","area":"横浜・川崎","altitude_m":30,"operator":"災害調査隊","purpose":"点検","airframe":"VTOL","speed_kmh":39.3}},{"type":"Feature","id":298,"geometry":{"type":"Point","coordinates":[139.60663,35.49808]},"properties":{"id":"UAV-0298","area":"横浜・川崎","altitude_m":30,"operator":"災害調査隊","purpose":"警備","airframe":"マルチコプター","speed_kmh":29.5}},{"type":"Feature","id":299,"geometry":{"type":"Point","coordinates":[139.62248,35.48144]},"properties":{"id":"UAV-0299","area":"横浜・川崎","altitude_m":80,"operator":"スカイデリバリー","purpose":"災害調査","airframe":"VTOL","speed_kmh":1.9}},{"type":"Feature","id":300,"geometry":{"type":"Point","coordinates":[139.54831,35.42021]},"properties":{"id":"UAV-0300","area":"横浜・川崎","altitude_m":150,"operator":"アグリドローン","purpose":"災害調査","airframe":"マルチコプター","speed_kmh":53.2}},{"type":"Feature","id":301,"geometry":{"type":"Point","coordinates":[139.54577,35.50467]},"properties":{"id":"UAV-0301","area":"横浜・川崎","altitude_m":150,"operator":"スカイデリバリー","purpose":"物流","airframe":"固定翼","speed_kmh":48.6}},{"type":"Feature","id":302,"geometry":{"type":"Point","coordinates":[139.67939,35.59303]},"properties":{"id":"UAV-0302","area":"横浜・川崎","altitude_m":100,"operator":"インフラ点検サービス","purpose":"農業","airframe":"マルチコプター","speed_kmh":52.0}},{"type":"Feature","id":303,"geometry":{"type":"Point","coordinates":[139.52901,35.38526]},"properties":{"id":"UAV-0303","area":"横浜・川崎","altitude_m":80,"operator":"インフラ点検サービス","purpose":"測量","airframe":"マルチコプター","speed_kmh":21.3}},{"type":"Feature","id":304,"geometry":{"type":"Point","coordinates":[139.86129,35.48115]},"properties":{"id":"UAV-0304","area":"横浜・川崎","altitude_m":80,"operator":"測量パートナーズ","purpose":"点検","airframe":"VTOL","speed_kmh":17.8}},{"type":"Feature","id":305,"geometry":{"type":"Point","coordinates":[139.59286,35.40465]},"properties":{"id":"UAV-0305","area":"横浜・川崎","altitude_m":150,"operator":"災害調査隊","purpose":"測量","airframe":"マルチコプター","speed_kmh":36.3}},{"type":"Feature","id":306,"geometry":{"type":"Point","coordinates":[139.63112,35.50033]},"properties":{"id":"UAV-0306","area":"横浜・川崎","altitude_m":100,"operator":"LINKS物流","purpose":"警備","airframe":"VTOL","speed_kmh":5.0}},{"type":"Feature","id":307,"geometry":{"type":"Point","coordinates":[139.61609,35.39544]},"properties":{"id":"UAV-0307","area":"横浜・川崎","altitude_m":100,"operator":"インフラ点検サービス","purpose":"農業","airframe":"マルチコプター","speed_kmh":30.4}},{"type":"Feature","id":308,"geometry":{"type":"Point","coordinates":[139.53801,35.40231]},"properties":{"id":"UAV-0308","area":"横浜・川崎","altitude_m":100,"operator":"スカイデリバリー","purpose":"農業","airframe":"VTOL","speed_kmh":51.9}},{"type":"Feature","id":309,"geometry":{"type":"Point","coordinates":[139.63141,35.47227]},"properties":{"id":"UAV-0309","area":"横浜・川崎","altitude_m":30,"operator":"メディア空撮","purpose":"物流","airframe":"VTOL","speed_kmh":19.6}},{"type":"Feature","id":310,"geometry":{"type":"Point","coordinates":[139.59947,35.43038]},"properties":{"id":"UAV-0310","area":"横浜・川崎","altitude_m":150,"operator":"LINKS物流","purpose":"警備","airframe":"マルチコプター","speed_kmh":53.6}},{"type":"Feature","id":311,"geometry":{"type":"Point","coordinates":[139.48511,35.4979]},"properties":{"id":"UAV-0311","area":"横浜・川崎","altitude_m":100,"operator":"災害調査隊","purpose":"測量","airframe":"VTOL","speed_kmh":7.5}},{"type":"Feature","id":312,"geometry":{"type":"Point","coordinates":[139.65747,35.42228]},"properties":{"id":"UAV-0312","area":"横浜・川崎","altitude_m":50,"operator":"インフラ点検サービス","purpose":"点検","airframe":"固定翼","speed_kmh":10.3}},{"type":"Feature","id":313,"geometry":{"type":"Point","coordinates":[139.58985,35.40582]},"properties":{"id":"UAV-0313","area":"横浜・川崎","altitude_m":150,"operator":"LINKS物流","purpose":"報道空撮","airframe":"固定翼","speed_kmh":51.7}},{"type":"Feature","id":314,"geometry":{"type":"Point","coordinates":[139.60529,35.41152]},"properties":{"id":"UAV-0314","area":"横浜・川崎","altitude_m":120,"operator":"アグリドローン","purpose":"農業","airframe":"固定翼","speed_kmh":2.8}},{"type":"Feature","id":315,"geometry":{"type":"Point","coordinates":[139.66507,35.36143]},"properties":{"id":"UAV-0315","area":"横浜・川崎","altitude_m":150,"operator":"災害調査隊","purpose":"災害調査","airframe":"VTOL","speed_kmh":41.4}},{"type":"Feature","id":316,"geometry":{"type":"Point","coordinates":[139.60987,35.47414]},"properties":{"id":"UAV-0316","area":"横浜・川崎","altitude_m":50,"operator":"災害調査隊","purpose":"警備","airframe":"マルチコプター","speed_kmh":47.0}},{"type":"Feature","id":317,"geometry":{"type":"Point","coordinates":[139.57691,35.51436]},"properties":{"id":"UAV-0317","area":"横浜・川崎","altitude_m":120,"operator":"メディア空撮","purpose":"報道空撮","airframe":"マルチコプター","speed_kmh":27.7}},{"type":"Feature","id":318,"geometry":{"type":"Point","coordinates":[139.69785,35.48276]},"properties":{"id":"UAV-0318","area":"横浜・川崎","altitude_m":80,"operator":"インフラ点検サービス","purpose":"農業","airframe":"マルチコプター","speed_kmh":58.7}},{"type":"Feature","id":319,"geometry":{"type":"Point","coordinates":[139.56473,35.39326]},"properties":{"id":"UAV-0319","area":"横浜・川崎","altitude_m":30,"operator":"メディア空撮","purpose":"測量","airframe":"VTOL","speed_kmh":42.5}},{"type":"Feature","id":320,"geometry":{"type":"Point","coordinates":[139.60237,35.49968]},"properties":{"id":"UAV-0320","area":"横浜・川崎","altitude_m":50,"operator":"メディア空撮","purpose":"点検","airframe":"VTOL","speed_kmh":11.1}},{"type":"Feature","id":321,"geometry":{"type":"Point","coordinates":[139.57907,35.44774]},"properties":{"id":"UAV-0321","area":"横浜・川崎","altitude_m":30,"operator":"LINKS物流","purpose":"警備","airframe":"固定翼","speed_kmh":20.6}},{"type":"Feature","id":322,"geometry":{"type":"Point","coordinates":[139.55408,35.38441]},"properties":{"id":"UAV-0322","area":"横浜・川崎","altitude_m":80,"operator":"測量パートナーズ","purpose":"警備","airframe":"固定翼","speed_kmh":48.6}},{"type":"Feature","id":323,"geometry":{"type":"Point","coordinates":[139.64775,35.42931]},"properties":{"id":"UAV-0323","area":"横浜・川崎","altitude_m":30,"operator":"スカイデリバリー","purpose":"警備","airframe":"固定翼","speed_kmh":17.6}},{"type":"Feature","id":324,"geometry":{"type":"Point","coordinates":[139.58216,35.3845]},"properties":{"id":"UAV-0324","area":"横浜・川崎","altitude_m":150,"operator":"災害調査隊","purpose":"報道空撮","airframe":"固定翼","speed_kmh":59.9}},{"type":"Feature","id":325,"geometry":{"type":"Point","coordinates":[139.78669,35.50485]},"properties":{"id":"UAV-0325","area":"横浜・川崎","altitude_m":150,"operator":"スカイデリバリー","purpose":"災害調査","airframe":"VTOL","speed_kmh":33.0}},{"type":"Feature","id":326,"geometry":{"type":"Point","coordinates":[139.69291,35.44108]},"properties":{"id":"UAV-0326","area":"横浜・川崎","altitude_m":120,"operator":"災害調査隊","purpose":"点検","airframe":"マルチコプター","speed_kmh":50.5}},{"type":"Feature","id":327,"geometry":{"type":"Point","coordinates":[139.60665,35.33269]},"properties":{"id":"UAV-0327","area":"横浜・川崎","altitude_m":100,"operator":"災害調査隊","purpose":"物流","airframe":"マルチコプター","speed_kmh":6.7}},{"type":"Feature","id":328,"geometry":{"type":"Point","coordinates":[139.55988,35.40261]},"properties":{"id":"UAV-0328","area":"横浜・川崎","altitude_m":120,"operator":"測量パートナーズ","purpose":"報道空撮","airframe":"マルチコプター","speed_kmh":42.4}},{"type":"Feature","id":329,"geometry":{"type":"Point","coordinates":[139.66091,35.49561]},"properties":{"id":"UAV-0329","area":"横浜・川崎","altitude_m":30,"operator":"インフラ点検サービス","purpose":"災害調査","airframe":"マルチコプター","speed_kmh":5.1}},{"type":"Feature","id":330,"geometry":{"type":"Point","coordinates":[139.71986,35.40621]},"properties":{"id":"UAV-0330","area":"横浜・川崎","altitude_m":30,"operator":"メディア空撮","purpose":"物流","airframe":"固定翼","speed_kmh":56.2}},{"type":"Feature","id":331,"geometry":{"type":"Point","coordinates":[139.78876,35.51534]},"properties":{"id":"UAV-0331","area":"横浜・川崎","altitude_m":120,"operator":"メディア空撮","purpose":"物流","airframe":"固定翼","speed_kmh":48.1}},{"type":"Feature","id":332,"geometry":{"type":"Point","coordinates":[139.70779,35.47358]},"properties":{"id":"UAV-0332","area":"横浜・川崎","altitude_m":30,"operator":"災害調査隊","purpose":"報道空撮","airframe":"VTOL","speed_kmh":51.5}},{"type":"Feature","id":333,"geometry":{"type":"Point","coordinates":[139.58936,35.57683]},"properties":{"id":"UAV-0333","area":"横浜・川崎","altitude_m":150,"operator":"インフラ点検サービス","purpose":"報道空撮","airframe":"固定翼","speed_kmh":21.0}},{"type":"Feature","id":334,"geometry":{"type":"Point","coordinates":[139.51488,35.42413]},"properties":{"id":"UAV-0334","area":"横浜・川崎","altitude_m":80,"operator":"測量パートナーズ","purpose":"測量","airframe":"VTOL","speed_kmh":1.9}},{"type":"Feature","id":335,"geometry":{"type":"Point","coordinates":[139.6928,35.48821]},"properties":{"id":"UAV-0335","area":"横浜・川崎","altitude_m":150,"operator":"LINKS物流","purpose":"点検","airframe":"VTOL","speed_kmh":51.5}},{"type":"Feature","id":336,"geometry":{"type":"Point","coordinates":[139.65256,35.49183]},"properties":{"id":"UAV-0336","area":"横浜・川崎","altitude_m":80,"operator":"測量パートナーズ","purpose":"点検","airframe":"マルチコプター","speed_kmh":46.7}},{"type":"Feature","id":337,"geometry":{"type":"Point","coordinates":[139.5656,35.47834]},"properties":{"id":"UAV-0337","area":"横浜・川崎","altitude_m":50,"operator":"スカイデリバリー","purpose":"測量","airframe":"固定翼","speed_kmh":18.3}},{"type":"Feature","id":338,"geometry":{"type":"Point","coordinates":[139.72368,35.54004]},"properties":{"id":"UAV-0338","area":"横浜・川崎","altitude_m":80,"operator":"アグリドローン","purpose":"物流","airframe":"VTOL","speed_kmh":18.6}},{"type":"Feature","id":339,"geometry":{"type":"Point","coordinates":[139.63278,35.5025]},"properties":{"id":"UAV-0339","area":"横浜・川崎","altitude_m":100,"operator":"インフラ点検サービス","purpose":"警備","airframe":"固定翼","speed_kmh":23.2}},{"type":"Feature","id":340,"geometry":{"type":"Point","coordinates":[139.64496,35.41257]},"properties":{"id":"UAV-0340","area":"横浜・川崎","altitude_m":30,"operator":"災害調査隊","purpose":"点検","airframe":"マルチコプター","speed_kmh":25.0}},{"type":"Feature","id":341,"geometry":{"type":"Point","coordinates":[140.05908,35.79094]},"properties":{"id":"UAV-0341","area":"千葉（幕張・成田）","altitude_m":100,"operator":"メディア空撮","purpose":"報道空撮","airframe":"固定翼","speed_kmh":58.0}},{"type":"Feature","id":342,"geometry":{"type":"Point","coordinates":[140.18504,35.82229]},"properties":{"id":"UAV-0342","area":"千葉（幕張・成田）","altitude_m":100,"operator":"災害調査隊","purpose":"農業","airframe":"VTOL","speed_kmh":10.1}},{"type":"Feature","id":343,"geometry":{"type":"Point","coordinates":[140.07748,35.80657]},"properties":{"id":"UAV-0343","area":"千葉（幕張・成田）","altitude_m":30,"operator":"測量パートナーズ","purpose":"物流","airframe":"VTOL","speed_kmh":16.0}},{"type":"Feature","id":344,"geometry":{"type":"Point","coordinates":[139.97133,35.5381]},"properties":{"id":"UAV-0344","area":"千葉（幕張・成田）","altitude_m":120,"operator":"インフラ点検サービス","purpose":"警備","airframe":"マルチコプター","speed_kmh":19.3}},{"type":"Feature","id":345,"geometry":{"type":"Point","coordinates":[140.17438,35.65277]},"properties":{"id":"UAV-0345","area":"千葉（幕張・成田）","altitude_m":80,"operator":"LINKS物流","purpose":"報道空撮","airframe":"固定翼","speed_kmh":47.9}},{"type":"Feature","id":346,"geometry":{"type":"Point","coordinates":[140.32509,35.63554]},"properties":{"id":"UAV-0346","area":"千葉（幕張・成田）","altitude_m":30,"operator":"インフラ点検サービス","purpose":"災害調査","airframe":"マルチコプター","speed_kmh":42.5}},{"type":"Feature","id":347,"geometry":{"type":"Point","coordinates":[140.18889,35.70064]},"properties":{"id":"UAV-0347","area":"千葉（幕張・成田）","altitude_m":150,"operator":"スカイデリバリー","purpose":"物流","airframe":"固定翼","speed_kmh":21.2}},{"type":"Feature","id":348,"geometry":{"type":"Point","coordinates":[140.1843,35.48183]},"properties":{"id":"UAV-0348","area":"千葉（幕張・成田）","altitude_m":150,"operator":"インフラ点検サービス","purpose":"報道空撮","airframe":"VTOL","speed_kmh":25.1}},{"type":"Feature","id":349,"geometry":{"type":"Point","coordinates":[140.0167,35.92086]},"properties":{"id":"UAV-0349","area":"千葉（幕張・成田）","altitude_m":30,"operator":"アグリドローン","purpose":"報道空撮","airframe":"VTOL","speed_kmh":59.6}},{"type":"Feature","id":350,"geometry":{"type":"Point","coordinates":[139.9836,35.61172]},"properties":{"id":"UAV-0350","area":"千葉（幕張・成田）","altitude_m":100,"operator":"LINKS物流","purpose":"点検","airframe":"固定翼","speed_kmh":46.3}},{"type":"Feature","id":351,"geometry":{"type":"Point","coordinates":[140.19704,35.75237]},"properties":{"id":"UAV-0351","area":"千葉（幕張・成田）","altitude_m":50,"operator":"インフラ点検サービス","purpose":"警備","airframe":"マルチコプター","speed_kmh":40.6}},{"type":"Feature","id":352,"geometry":{"type":"Point","coordinates":[140.21088,35.78027]},"properties":{"id":"UAV-0352","area":"千葉（幕張・成田）","altitude_m":30,"operator":"メディア空撮","purpose":"農業","airframe":"マルチコプター","speed_kmh":49.5}},{"type":"Feature","id":353,"geometry":{"type":"Point","coordinates":[139.99458,35.9358]},"properties":{"id":"UAV-0353","area":"千葉（幕張・成田）","altitude_m":30,"operator":"測量パートナーズ","purpose":"災害調査","airframe":"固定翼","speed_kmh":1.7}},{"type":"Feature","id":354,"geometry":{"type":"Point","coordinates":[140.06253,35.85435]},"properties":{"id":"UAV-0354","area":"千葉（幕張・成田）","altitude_m":120,"operator":"災害調査隊","purpose":"警備","airframe":"固定翼","speed_kmh":53.3}},{"type":"Feature","id":355,"geometry":{"type":"Point","coordinates":[140.3649,35.66105]},"properties":{"id":"UAV-0355","area":"千葉（幕張・成田）","altitude_m":150,"operator":"メディア空撮","purpose":"農業","airframe":"マルチコプター","speed_kmh":24.1}},{"type":"Feature","id":356,"geometry":{"type":"Point","coordinates":[140.25774,35.67675]},"properties":{"id":"UAV-0356","area":"千葉（幕張・成田）","altitude_m":100,"operator":"LINKS物流","purpose":"災害調査","airframe":"固定翼","speed_kmh":49.1}},{"type":"Feature","id":357,"geometry":{"type":"Point","coordinates":[139.93666,35.89382]},"properties":{"id":"UAV-0357","area":"千葉（幕張・成田）","altitude_m":100,"operator":"災害調査隊","purpose":"点検","airframe":"固定翼","speed_kmh":55.9}},{"type":"Feature","id":358,"geometry":{"type":"Point","coordinates":[140.16509,35.53164]},"properties":{"id":"UAV-0358","area":"千葉（幕張・成田）","altitude_m":100,"operator":"測量パートナーズ","purpose":"災害調査","airframe":"マルチコプター","speed_kmh":33.4}},{"type":"Feature","id":359,"geometry":{"type":"Point","coordinates":[140.03326,35.31928]},"properties":{"id":"UAV-0359","area":"千葉（幕張・成田）","altitude_m":80,"operator":"メディア空撮","purpose":"測量","airframe":"VTOL","speed_kmh":52.2}},{"type":"Feature","id":360,"geometry":{"type":"Point","coordinates":[140.27847,35.67439]},"properties":{"id":"UAV-0360","area":"千葉（幕張・成田）","altitude_m":120,"operator":"災害調査隊","purpose":"測量","airframe":"固定翼","speed_kmh":10.0}},{"type":"Feature","id":361,"geometry":{"type":"Point","coordinates":[140.10211,35.71581]},"properties":{"id":"UAV-0361","area":"千葉（幕張・成田）","altitude_m":50,"operator":"メディア空撮","purpose":"点検","airframe":"固定翼","speed_kmh":13.9}},{"type":"Feature","id":362,"geometry":{"type":"Point","coordinates":[140.01852,35.72113]},"properties":{"id":"UAV-0362","area":"千葉（幕張・成田）","altitude_m":120,"operator":"スカイデリバリー","purpose":"測量","airframe":"マルチコプター","speed_kmh":4.9}},{"type":"Feature","id":363,"geometry":{"type":"Point","coordinates":[140.03279,35.56212]},"properties":{"id":"UAV-0363","area":"千葉（幕張・成田）","altitude_m":150,"operator":"メディア空撮","purpose":"報道空撮","airframe":"固定翼","speed_kmh":3.1}},{"type":"Feature","id":364,"geometry":{"type":"Point","coordinates":[140.03439,35.71132]},"properties":{"id":"UAV-0364","area":"千葉（幕張・成田）","altitude_m":80,"operator":"測量パートナーズ","purpose":"物流","airframe":"VTOL","speed_kmh":44.1}},{"type":"Feature","id":365,"geometry":{"type":"Point","coordinates":[140.03094,35.66111]},"properties":{"id":"UAV-0365","area":"千葉（幕張・成田）","altitude_m":150,"operator":"スカイデリバリー","purpose":"物流","airframe":"固定翼","speed_kmh":3.0}},{"type":"Feature","id":366,"geometry":{"type":"Point","coordinates":[139.97969,35.57719]},"properties":{"id":"UAV-0366","area":"千葉（幕張・成田）","altitude_m":50,"operator":"メディア空撮","purpose":"災害調査","airframe":"固定翼","speed_kmh":19.8}},{"type":"Feature","id":367,"geometry":{"type":"Point","coordinates":[140.20457,35.64532]},"properties":{"id":"UAV-0367","area":"千葉（幕張・成田）","altitude_m":120,"operator":"LINKS物流","purpose":"点検","airframe":"VTOL","speed_kmh":24.9}},{"type":"Feature","id":368,"geometry":{"type":"Point","coordinates":[140.0672,35.71914]},"properties":{"id":"UAV-0368","area":"千葉（幕張・成田）","altitude_m":50,"operator":"アグリドローン","purpose":"報道空撮","airframe":"固定翼","speed_kmh":32.3}},{"type":"Feature","id":369,"geometry":{"type":"Point","coordinates":[140.0438,35.66512]},"properties":{"id":"UAV-0369","area":"千葉（幕張・成田）","altitude_m":120,"operator":"スカイデリバリー","purpose":"測量","airframe":"マルチコプター","speed_kmh":46.5}},{"type":"Feature","id":370,"geometry":{"type":"Point","coordinates":[139.86072,35.46242]},"properties":{"id":"UAV-0370","area":"千葉（幕張・成田）","altitude_m":50,"operator":"インフラ点検サービス","purpose":"点検","airframe":"VTOL","speed_kmh":2.2}},{"type":"Feature","id":371,"geometry":{"type":"Point","coordinates":[139.90859,35.68645]},"properties":{"id":"UAV-0371","area":"千葉（幕張・成田）","altitude_m":150,"operator":"LINKS物流","purpose":"物流","airframe":"マルチコプター","speed_kmh":25.5}},{"type":"Feature","id":372,"geometry":{"type":"Point","coordinates":[139.96597,35.68332]},"properties":{"id":"UAV-0372","area":"千葉（幕張・成田）","altitude_m":150,"operator":"測量パートナーズ","purpose":"災害調査","airframe":"固定翼","speed_kmh":31.2}},{"type":"Feature","id":373,"geometry":{"type":"Point","coordinates":[140.46318,35.3984]},"properties":{"id":"UAV-0373","area":"千葉（幕張・成田）","altitude_m":30,"operator":"メディア空撮","purpose":"点検","airframe":"固定翼","speed_kmh":5.6}},{"type":"Feature","id":374,"geometry":{"type":"Point","coordinates":[140.14693,35.4848]},"properties":{"id":"UAV-0374","area":"千葉（幕張・成田）","altitude_m":30,"operator":"スカイデリバリー","purpose":"農業","airframe":"VTOL","speed_kmh":33.5}},{"type":"Feature","id":375,"geometry":{"type":"Point","coordinates":[139.96612,35.64521]},"properties":{"id":"UAV-0375","area":"千葉（幕張・成田）","altitude_m":150,"operator":"LINKS物流","purpose":"農業","airframe":"VTOL","speed_kmh":45.4}},{"type":"Feature","id":376,"geometry":{"type":"Point","coordinates":[140.42971,35.69965]},"properties":{"id":"UAV-0376","area":"千葉（幕張・成田）","altitude_m":50,"operator":"メディア空撮","purpose":"報道空撮","airframe":"固定翼","speed_kmh":21.6}},{"type":"Feature","id":377,"geometry":{"type":"Point","coordinates":[139.92827,35.60178]},"properties":{"id":"UAV-0377","area":"千葉（幕張・成田）","altitude_m":80,"operator":"スカイデリバリー","purpose":"点検","airframe":"固定翼","speed_kmh":31.6}},{"type":"Feature","id":378,"geometry":{"type":"Point","coordinates":[140.18304,35.78151]},"properties":{"id":"UAV-0378","area":"千葉（幕張・成田）","altitude_m":120,"operator":"インフラ点検サービス","purpose":"測量","airframe":"固定翼","speed_kmh":20.8}},{"type":"Feature","id":379,"geometry":{"type":"Point","coordinates":[140.0938,35.85419]},"properties":{"id":"UAV-0379","area":"千葉（幕張・成田）","altitude_m":150,"operator":"LINKS物流","purpose":"点検","airframe":"固定翼","speed_kmh":52.3}},{"type":"Feature","id":380,"geometry":{"type":"Point","coordinates":[140.18038,35.5101]},"properties":{"id":"UAV-0380","area":"千葉（幕張・成田）","altitude_m":100,"operator":"災害調査隊","purpose":"測量","airframe":"固定翼","speed_kmh":44.2}},{"type":"Feature","id":381,"geometry":{"type":"Point","coordinates":[140.24595,35.63027]},"properties":{"id":"UAV-0381","area":"千葉（幕張・成田）","altitude_m":100,"operator":"インフラ点検サービス","purpose":"報道空撮","airframe":"固定翼","speed_kmh":14.5}},{"type":"Feature","id":382,"geometry":{"type":"Point","coordinates":[140.15198,35.75751]},"properties":{"id":"UAV-0382","area":"千葉（幕張・成田）","altitude_m":80,"operator":"アグリドローン","purpose":"警備","airframe":"固定翼","speed_kmh":13.0}},{"type":"Feature","id":383,"geometry":{"type":"Point","coordinates":[140.19158,35.89801]},"properties":{"id":"UAV-0383","area":"千葉（幕張・成田）","altitude_m":80,"operator":"測量パートナーズ","purpose":"物流","airframe":"VTOL","speed_kmh":11.1}},{"type":"Feature","id":384,"geometry":{"type":"Point","coordinates":[140.37381,35.81949]},"properties":{"id":"UAV-0384","area":"千葉（幕張・成田）","altitude_m":120,"operator":"測量パートナーズ","purpose":"点検","airframe":"マルチコプター","speed_kmh":59.4}},{"type":"Feature","id":385,"geometry":{"type":"Point","coordinates":[140.01582,35.54548]},"properties":{"id":"UAV-0385","area":"千葉（幕張・成田）","altitude_m":100,"operator":"測量パートナーズ","purpose":"報道空撮","airframe":"固定翼","speed_kmh":47.3}},{"type":"Feature","id":386,"geometry":{"type":"Point","coordinates":[140.13057,35.63922]},"properties":{"id":"UAV-0386","area":"千葉（幕張・成田）","altitude_m":100,"operator":"測量パートナーズ","purpose":"農業","airframe":"固定翼","speed_kmh":21.8}},{"type":"Feature","id":387,"geometry":{"type":"Point","coordinates":[140.0197,35.65614]},"properties":{"id":"UAV-0387","area":"千葉（幕張・成田）","altitude_m":80,"operator":"LINKS物流","purpose":"点検","airframe":"VTOL","speed_kmh":35.4}},{"type":"Feature","id":388,"geometry":{"type":"Point","coordinates":[140.16499,35.86216]},"properties":{"id":"UAV-0388","area":"千葉（幕張・成田）","altitude_m":30,"operator":"災害調査隊","purpose":"点検","airframe":"固定翼","speed_kmh":50.5}},{"type":"Feature","id":389,"geometry":{"type":"Point","coordinates":[140.21955,35.63082]},"properties":{"id":"UAV-0389","area":"千葉（幕張・成田）","altitude_m":150,"operator":"災害調査隊","purpose":"報道空撮","airframe":"マルチコプター","speed_kmh":34.2}},{"type":"Feature","id":390,"geometry":{"type":"Point","coordinates":[140.01383,35.7873]},"properties":{"id":"UAV-0390","area":"千葉（幕張・成田）","altitude_m":50,"operator":"スカイデリバリー","purpose":"災害調査","airframe":"マルチコプター","speed_kmh":59.6}},{"type":"Feature","id":391,"geometry":{"type":"Point","coordinates":[140.35629,35.70415]},"properties":{"id":"UAV-0391","area":"千葉（幕張・成田）","altitude_m":30,"operator":"LINKS物流","purpose":"農業","airframe":"固定翼","speed_kmh":17.5}},{"type":"Feature","id":392,"geometry":{"type":"Point","coordinates":[140.33364,35.6236]},"properties":{"id":"UAV-0392","area":"千葉（幕張・成田）","altitude_m":150,"operator":"アグリドローン","purpose":"農業","airframe":"マルチコプター","speed_kmh":10.1}},{"type":"Feature","id":393,"geometry":{"type":"Point","coordinates":[140.2175,35.5125]},"properties":{"id":"UAV-0393","area":"千葉（幕張・成田）","altitude_m":30,"operator":"LINKS物流","purpose":"点検","airframe":"マルチコプター","speed_kmh":55.9}},{"type":"Feature","id":394,"geometry":{"type":"Point","coordinates":[139.94894,35.83071]},"properties":{"id":"UAV-0394","area":"千葉（幕張・成田）","altitude_m":150,"operator":"メディア空撮","purpose":"報道空撮","airframe":"固定翼","speed_kmh":32.9}},{"type":"Feature","id":395,"geometry":{"type":"Point","coordinates":[140.19889,35.6481]},"properties":{"id":"UAV-0395","area":"千葉（幕張・成田）","altitude_m":150,"operator":"メディア空撮","purpose":"物流","airframe":"固定翼","speed_kmh":42.6}},{"type":"Feature","id":396,"geometry":{"type":"Point","coordinates":[140.24298,35.75663]},"properties":{"id":"UAV-0396","area":"千葉（幕張・成田）","altitude_m":80,"operator":"メディア空撮","purpose":"点検","airframe":"マルチコプター","speed_kmh":58.0}},{"type":"Feature","id":397,"geometry":{"type":"Point","coordinates":[140.131,35.74298]},"properties":{"id":"UAV-0397","area":"千葉（幕張・成田）","altitude_m":100,"operator":"アグリドローン","purpose":"災害調査","airframe":"VTOL","speed_kmh":50.6}},{"type":"Feature","id":398,"geometry":{"type":"Point","coordinates":[140.32952,35.79213]},"properties":{"id":"UAV-0398","area":"千葉（幕張・成田）","altitude_m":80,"operator":"インフラ点検サービス","purpose":"農業","airframe":"VTOL","speed_kmh":5.5}},{"type":"Feature","id":399,"geometry":{"type":"Point","coordinates":[140.31036,35.59107]},"properties":{"id":"UAV-0399","area":"千葉（幕張・成田）","altitude_m":120,"operator":"LINKS物流","purpose":"物流","airframe":"固定翼","speed_kmh":46.8}},{"type":"Feature","id":400,"geometry":{"type":"Point","coordinates":[140.12655,35.66797]},"properties":{"id":"UAV-0400","area":"千葉（幕張・成田）","altitude_m":30,"operator":"スカイデリバリー","purpose":"農業","airframe":"マルチコプター","speed_kmh":31.0}},{"type":"Feature","id":401,"geometry":{"type":"Point","coordinates":[140.20264,35.87109]},"properties":{"id":"UAV-0401","area":"千葉（幕張・成田）","altitude_m":120,"operator":"災害調査隊","purpose":"報道空撮","airframe":"VTOL","speed_kmh":30.0}},{"type":"Feature","id":402,"geometry":{"type":"Point","coordinates":[140.13774,35.65734]},"properties":{"id":"UAV-0402","area":"千葉（幕張・成田）","altitude_m":50,"operator":"スカイデリバリー","purpose":"災害調査","airframe":"VTOL","speed_kmh":56.1}},{"type":"Feature","id":403,"geometry":{"type":"Point","coordinates":[140.06665,35.43927]},"properties":{"id":"UAV-0403","area":"千葉（幕張・成田）","altitude_m":80,"operator":"LINKS物流","purpose":"警備","airframe":"VTOL","speed_kmh":41.5}},{"type":"Feature","id":404,"geometry":{"type":"Point","coordinates":[140.12568,35.50318]},"properties":{"id":"UAV-0404","area":"千葉（幕張・成田）","altitude_m":100,"operator":"LINKS物流","purpose":"報道空撮","airframe":"マルチコプター","speed_kmh":46.6}},{"type":"Feature","id":405,"geometry":{"type":"Point","coordinates":[140.1633,35.55789]},"properties":{"id":"UAV-0405","area":"千葉（幕張・成田）","altitude_m":120,"operator":"LINKS物流","purpose":"報道空撮","airframe":"VTOL","speed_kmh":58.0}},{"type":"Feature","id":406,"geometry":{"type":"Point","coordinates":[140.25728,35.73413]},"properties":{"id":"UAV-0406","area":"千葉（幕張・成田）","altitude_m":100,"operator":"インフラ点検サービス","purpose":"報道空撮","airframe":"固定翼","speed_kmh":9.0}},{"type":"Feature","id":407,"geometry":{"type":"Point","coordinates":[140.11873,35.86431]},"properties":{"id":"UAV-0407","area":"千葉（幕張・成田）","altitude_m":50,"operator":"測量パートナーズ","purpose":"測量","airframe":"VTOL","speed_kmh":1.0}},{"type":"Feature","id":408,"geometry":{"type":"Point","coordinates":[140.23414,35.74367]},"properties":{"id":"UAV-0408","area":"千葉（幕張・成田）","altitude_m":150,"operator":"災害調査隊","purpose":"災害調査","airframe":"固定翼","speed_kmh":45.2}},{"type":"Feature","id":409,"geometry":{"type":"Point","coordinates":[140.0693,35.68504]},"properties":{"id":"UAV-0409","area":"千葉（幕張・成田）","altitude_m":30,"operator":"インフラ点検サービス","purpose":"農業","airframe":"固定翼","speed_kmh":33.9}},{"type":"Feature","id":410,"geometry":{"type":"Point","coordinates":[139.93576,35.66127]},"properties":{"id":"UAV-0410","area":"千葉（幕張・成田）","altitude_m":50,"operator":"測量パートナーズ","purpose":"報道空撮","airframe":"VTOL","speed_kmh":41.1}},{"type":"Feature","id":411,"geometry":{"type":"Point","coordinates":[140.22374,35.64675]},"properties":{"id":"UAV-0411","area":"千葉（幕張・成田）","altitude_m":80,"operator":"スカイデリバリー","purpose":"災害調査","airframe":"マルチコプター","speed_kmh":2.4}},{"type":"Feature","id":412,"geometry":{"type":"Point","coordinates":[140.12997,35.51136]},"properties":{"id":"UAV-0412","area":"千葉（幕張・成田）","altitude_m":150,"operator":"インフラ点検サービス","purpose":"物流","airframe":"固定翼","speed_kmh":39.7}},{"type":"Feature","id":413,"geometry":{"type":"Point","coordinates":[140.03797,35.70639]},"properties":{"id":"UAV-0413","area":"千葉（幕張・成田）","altitude_m":30,"operator":"LINKS物流","purpose":"測量","airframe":"マルチコプター","speed_kmh":24.0}},{"type":"Feature","id":414,"geometry":{"type":"Point","coordinates":[140.20391,35.5703]},"properties":{"id":"UAV-0414","area":"千葉（幕張・成田）","altitude_m":30,"operator":"測量パートナーズ","purpose":"災害調査","airframe":"マルチコプター","speed_kmh":39.5}},{"type":"Feature","id":415,"geometry":{"type":"Point","coordinates":[140.00939,35.63034]},"properties":{"id":"UAV-0415","area":"千葉（幕張・成田）","altitude_m":120,"operator":"スカイデリバリー","purpose":"点検","airframe":"固定翼","speed_kmh":53.2}},{"type":"Feature","id":416,"geometry":{"type":"Point","coordinates":[140.06391,35.54763]},"properties":{"id":"UAV-0416","area":"千葉（幕張・成田）","altitude_m":150,"operator":"LINKS物流","purpose":"農業","airframe":"固定翼","speed_kmh":13.0}},{"type":"Feature","id":417,"geometry":{"type":"Point","coordinates":[139.8646,35.69631]},"properties":{"id":"UAV-0417","area":"千葉（幕張・成田）","altitude_m":80,"operator":"インフラ点検サービス","purpose":"物流","airframe":"マルチコプター","speed_kmh":47.6}},{"type":"Feature","id":418,"geometry":{"type":"Point","coordinates":[140.16021,35.67504]},"properties":{"id":"UAV-0418","area":"千葉（幕張・成田）","altitude_m":120,"operator":"アグリドローン","purpose":"災害調査","airframe":"固定翼","speed_kmh":55.7}},{"type":"Feature","id":419,"geometry":{"type":"Point","coordinates":[140.04231,35.52452]},"properties":{"id":"UAV-0419","area":"千葉（幕張・成田）","altitude_m":120,"operator":"アグリドローン","purpose":"点検","airframe":"VTOL","speed_kmh":38.8}},{"type":"Feature","id":420,"geometry":{"type":"Point","coordinates":[140.24641,35.39278]},"properties":{"id":"UAV-0420","area":"千葉（幕張・成田）","altitude_m":150,"operator":"メディア空撮","purpose":"物流","airframe":"マルチコプター","speed_kmh":49.8}},{"type":"Feature","id":421,"geometry":{"type":"Point","coordinates":[140.32546,35.93492]},"properties":{"id":"UAV-0421","area":"千葉（幕張・成田）","altitude_m":30,"operator":"測量パートナーズ","purpose":"災害調査","airframe":"VTOL","speed_kmh":59.7}},{"type":"Feature","id":422,"geometry":{"type":"Point","coordinates":[140.23664,35.6931]},"properties":{"id":"UAV-0422","area":"千葉（幕張・成田）","altitude_m":30,"operator":"アグリドローン","purpose":"報道空撮","airframe":"固定翼","speed_kmh":5.3}},{"type":"Feature","id":423,"geometry":{"type":"Point","coordinates":[140.07206,35.78975]},"properties":{"id":"UAV-0423","area":"千葉（幕張・成田）","altitude_m":80,"operator":"アグリドローン","purpose":"報道空撮","airframe":"固定翼","speed_kmh":59.8}},{"type":"Feature","id":424,"geometry":{"type":"Point","coordinates":[140.08305,35.75513]},"properties":{"id":"UAV-0424","area":"千葉（幕張・成田）","altitude_m":50,"operator":"アグリドローン","purpose":"農業","airframe":"固定翼","speed_kmh":2.0}},{"type":"Feature","id":425,"geometry":{"type":"Point","coordinates":[140.16666,35.66454]},"properties":{"id":"UAV-0425","area":"千葉（幕張・成田）","altitude_m":150,"operator":"災害調査隊","purpose":"測量","airframe":"マルチコプター","speed_kmh":19.0}},{"type":"Feature","id":426,"geometry":{"type":"Point","coordinates":[140.03141,35.56222]},"properties":{"id":"UAV-0426","area":"千葉（幕張・成田）","altitude_m":150,"operator":"災害調査隊","purpose":"報道空撮","airframe":"固定翼","speed_kmh":45.4}},{"type":"Feature","id":427,"geometry":{"type":"Point","coordinates":[140.19398,35.60774]},"properties":{"id":"UAV-0427","area":"千葉（幕張・成田）","altitude_m":50,"operator":"LINKS物流","purpose":"災害調査","airframe":"固定翼","speed_kmh":21.5}},{"type":"Feature","id":428,"geometry":{"type":"Point","coordinates":[140.19379,35.66336]},"properties":{"id":"UAV-0428","area":"千葉（幕張・成田）","altitude_m":80,"operator":"メディア空撮","purpose":"測量","airframe":"VTOL","speed_kmh":21.9}},{"type":"Feature","id":429,"geometry":{"type":"Point","coordinates":[140.20261,35.62684]},"properties":{"id":"UAV-0429","area":"千葉（幕張・成田）","altitude_m":150,"operator":"インフラ点検サービス","purpose":"災害調査","airframe":"固定翼","speed_kmh":17.5}},{"type":"Feature","id":430,"geometry":{"type":"Point","coordinates":[140.22703,35.53597]},"properties":{"id":"UAV-0430","area":"千葉（幕張・成田）","altitude_m":120,"operator":"災害調査隊","purpose":"農業","airframe":"固定翼","speed_kmh":8.7}},{"type":"Feature","id":431,"geometry":{"type":"Point","coordinates":[135.45902,34.65004]},"properties":{"id":"UAV-0431","area":"大阪（都心）","altitude_m":150,"operator":"測量パートナーズ","purpose":"点検","airframe":"マルチコプター","speed_kmh":35.5}},{"type":"Feature","id":432,"geometry":{"type":"Point","coordinates":[135.5275,34.75091]},"properties":{"id":"UAV-0432","area":"大阪（都心）","altitude_m":50,"operator":"アグリドローン","purpose":"農業","airframe":"VTOL","speed_kmh":42.6}},{"type":"Feature","id":433,"geometry":{"type":"Point","coordinates":[135.43898,34.72128]},"properties":{"id":"UAV-0433","area":"大阪（都心）","altitude_m":80,"operator":"LINKS物流","purpose":"測量","airframe":"VTOL","speed_kmh":20.9}},{"type":"Feature","id":434,"geometry":{"type":"Point","coordinates":[135.70034,34.64695]},"properties":{"id":"UAV-0434","area":"大阪（都心）","altitude_m":80,"operator":"LINKS物流","purpose":"警備","airframe":"マルチコプター","speed_kmh":10.6}},{"type":"Feature","id":435,"geometry":{"type":"Point","coordinates":[135.4456,34.54176]},"properties":{"id":"UAV-0435","area":"大阪（都心）","altitude_m":80,"operator":"メディア空撮","purpose":"報道空撮","airframe":"VTOL","speed_kmh":15.0}},{"type":"Feature","id":436,"geometry":{"type":"Point","coordinates":[135.48944,34.50451]},"properties":{"id":"UAV-0436","area":"大阪（都心）","altitude_m":30,"operator":"インフラ点検サービス","purpose":"災害調査","airframe":"マルチコプター","speed_kmh":40.9}},{"type":"Feature","id":437,"geometry":{"type":"Point","coordinates":[135.46894,34.6553]},"properties":{"id":"UAV-0437","area":"大阪（都心）","altitude_m":120,"operator":"LINKS物流","purpose":"災害調査","airframe":"固定翼","speed_kmh":37.2}},{"type":"Feature","id":438,"geometry":{"type":"Point","coordinates":[135.31599,34.72434]},"properties":{"id":"UAV-0438","area":"大阪（都心）","altitude_m":120,"operator":"アグリドローン","purpose":"報道空撮","airframe":"VTOL","speed_kmh":27.7}},{"type":"Feature","id":439,"geometry":{"type":"Point","coordinates":[135.42213,34.718]},"properties":{"id":"UAV-0439","area":"大阪（都心）","altitude_m":80,"operator":"LINKS物流","purpose":"災害調査","airframe":"マルチコプター","speed_kmh":8.5}},{"type":"Feature","id":440,"geometry":{"type":"Point","coordinates":[135.52782,34.7212]},"properties":{"id":"UAV-0440","area":"大阪（都心）","altitude_m":30,"operator":"スカイデリバリー","purpose":"物流","airframe":"マルチコプター","speed_kmh":14.3}},{"type":"Feature","id":441,"geometry":{"type":"Point","coordinates":[135.66402,34.7655]},"properties":{"id":"UAV-0441","area":"大阪（都心）","altitude_m":150,"operator":"災害調査隊","purpose":"農業","airframe":"マルチコプター","speed_kmh":11.1}},{"type":"Feature","id":442,"geometry":{"type":"Point","coordinates":[135.35426,34.79766]},"properties":{"id":"UAV-0442","area":"大阪（都心）","altitude_m":30,"operator":"測量パートナーズ","purpose":"災害調査","airframe":"マルチコプター","speed_kmh":18.8}},{"type":"Feature","id":443,"geometry":{"type":"Point","coordinates":[135.32857,34.67851]},"properties":{"id":"UAV-0443","area":"大阪（都心）","altitude_m":50,"operator":"スカイデリバリー","purpose":"物流","airframe":"マルチコプター","speed_kmh":32.7}},{"type":"Feature","id":444,"geometry":{"type":"Point","coordinates":[135.53275,34.71299]},"properties":{"id":"UAV-0444","area":"大阪（都心）","altitude_m":150,"operator":"インフラ点検サービス","purpose":"測量","airframe":"固定翼","speed_kmh":2.0}},{"type":"Feature","id":445,"geometry":{"type":"Point","coordinates":[135.46847,34.72774]},"properties":{"id":"UAV-0445","area":"大阪（都心）","altitude_m":80,"operator":"インフラ点検サービス","purpose":"測量","airframe":"VTOL","speed_kmh":44.3}},{"type":"Feature","id":446,"geometry":{"type":"Point","coordinates":[135.46546,34.66532]},"properties":{"id":"UAV-0446","area":"大阪（都心）","altitude_m":80,"operator":"アグリドローン","purpose":"測量","airframe":"マルチコプター","speed_kmh":1.4}},{"type":"Feature","id":447,"geometry":{"type":"Point","coordinates":[135.5334,34.53483]},"properties":{"id":"UAV-0447","area":"大阪（都心）","altitude_m":100,"operator":"スカイデリバリー","purpose":"報道空撮","airframe":"マルチコプター","speed_kmh":51.0}},{"type":"Feature","id":448,"geometry":{"type":"Point","coordinates":[135.3472,34.78849]},"properties":{"id":"UAV-0448","area":"大阪（都心）","altitude_m":150,"operator":"アグリドローン","purpose":"農業","airframe":"VTOL","speed_kmh":52.1}},{"type":"Feature","id":449,"geometry":{"type":"Point","coordinates":[135.45516,34.71399]},"properties":{"id":"UAV-0449","area":"大阪（都心）","altitude_m":80,"operator":"インフラ点検サービス","purpose":"報道空撮","airframe":"マルチコプター","speed_kmh":47.2}},{"type":"Feature","id":450,"geometry":{"type":"Point","coordinates":[135.42015,34.69998]},"properties":{"id":"UAV-0450","area":"大阪（都心）","altitude_m":30,"operator":"災害調査隊","purpose":"報道空撮","airframe":"固定翼","speed_kmh":40.0}},{"type":"Feature","id":451,"geometry":{"type":"Point","coordinates":[135.47817,34.55131]},"properties":{"id":"UAV-0451","area":"大阪（都心）","altitude_m":30,"operator":"アグリドローン","purpose":"測量","airframe":"マルチコプター","speed_kmh":42.6}},{"type":"Feature","id":452,"geometry":{"type":"Point","coordinates":[135.36743,34.67432]},"properties":{"id":"UAV-0452","area":"大阪（都心）","altitude_m":30,"operator":"アグリドローン","purpose":"物流","airframe":"固定翼","speed_kmh":30.8}},{"type":"Feature","id":453,"geometry":{"type":"Point","coordinates":[135.52292,34.79424]},"properties":{"id":"UAV-0453","area":"大阪（都心）","altitude_m":100,"operator":"アグリドローン","purpose":"報道空撮","airframe":"VTOL","speed_kmh":59.5}},{"type":"Feature","id":454,"geometry":{"type":"Point","coordinates":[135.56914,34.74634]},"properties":{"id":"UAV-0454","area":"大阪（都心）","altitude_m":50,"operator":"LINKS物流","purpose":"物流","airframe":"固定翼","speed_kmh":56.6}},{"type":"Feature","id":455,"geometry":{"type":"Point","coordinates":[135.57788,34.62756]},"properties":{"id":"UAV-0455","area":"大阪（都心）","altitude_m":80,"operator":"メディア空撮","purpose":"報道空撮","airframe":"VTOL","speed_kmh":50.9}},{"type":"Feature","id":456,"geometry":{"type":"Point","coordinates":[135.48207,34.61941]},"properties":{"id":"UAV-0456","area":"大阪（都心）","altitude_m":30,"operator":"LINKS物流","purpose":"測量","airframe":"VTOL","speed_kmh":46.7}},{"type":"Feature","id":457,"geometry":{"type":"Point","coordinates":[135.46759,34.65351]},"properties":{"id":"UAV-0457","area":"大阪（都心）","altitude_m":80,"operator":"測量パートナーズ","purpose":"点検","airframe":"固定翼","speed_kmh":18.7}},{"type":"Feature","id":458,"geometry":{"type":"Point","coordinates":[135.56599,34.71586]},"properties":{"id":"UAV-0458","area":"大阪（都心）","altitude_m":80,"operator":"メディア空撮","purpose":"報道空撮","airframe":"VTOL","speed_kmh":27.1}},{"type":"Feature","id":459,"geometry":{"type":"Point","coordinates":[135.46068,34.65366]},"properties":{"id":"UAV-0459","area":"大阪（都心）","altitude_m":50,"operator":"メディア空撮","purpose":"警備","airframe":"VTOL","speed_kmh":15.7}},{"type":"Feature","id":460,"geometry":{"type":"Point","coordinates":[135.5356,34.65585]},"properties":{"id":"UAV-0460","area":"大阪（都心）","altitude_m":100,"operator":"アグリドローン","purpose":"農業","airframe":"VTOL","speed_kmh":28.8}},{"type":"Feature","id":461,"geometry":{"type":"Point","coordinates":[135.56095,34.70515]},"properties":{"id":"UAV-0461","area":"大阪（都心）","altitude_m":120,"operator":"インフラ点検サービス","purpose":"農業","airframe":"マルチコプター","speed_kmh":32.4}},{"type":"Feature","id":462,"geometry":{"type":"Point","coordinates":[135.44976,34.76296]},"properties":{"id":"UAV-0462","area":"大阪（都心）","altitude_m":30,"operator":"アグリドローン","purpose":"警備","airframe":"VTOL","speed_kmh":53.0}},{"type":"Feature","id":463,"geometry":{"type":"Point","coordinates":[135.39335,34.64109]},"properties":{"id":"UAV-0463","area":"大阪（都心）","altitude_m":150,"operator":"インフラ点検サービス","purpose":"災害調査","airframe":"固定翼","speed_kmh":59.3}},{"type":"Feature","id":464,"geometry":{"type":"Point","coordinates":[135.51138,34.74124]},"properties":{"id":"UAV-0464","area":"大阪（都心）","altitude_m":30,"operator":"インフラ点検サービス","purpose":"災害調査","airframe":"マルチコプター","speed_kmh":57.1}},{"type":"Feature","id":465,"geometry":{"type":"Point","coordinates":[135.54581,34.75809]},"properties":{"id":"UAV-0465","area":"大阪（都心）","altitude_m":30,"operator":"LINKS物流","purpose":"警備","airframe":"VTOL","speed_kmh":57.9}},{"type":"Feature","id":466,"geometry":{"type":"Point","coordinates":[135.43089,34.74619]},"properties":{"id":"UAV-0466","area":"大阪（都心）","altitude_m":100,"operator":"災害調査隊","purpose":"物流","airframe":"固定翼","speed_kmh":36.7}},{"type":"Feature","id":467,"geometry":{"type":"Point","coordinates":[135.60353,34.70467]},"properties":{"id":"UAV-0467","area":"大阪（都心）","altitude_m":30,"operator":"インフラ点検サービス","purpose":"警備","airframe":"固定翼","speed_kmh":34.2}},{"type":"Feature","id":468,"geometry":{"type":"Point","coordinates":[135.47732,34.62275]},"properties":{"id":"UAV-0468","area":"大阪（都心）","altitude_m":80,"operator":"LINKS物流","purpose":"災害調査","airframe":"VTOL","speed_kmh":37.8}},{"type":"Feature","id":469,"geometry":{"type":"Point","coordinates":[135.33144,34.70942]},"properties":{"id":"UAV-0469","area":"大阪（都心）","altitude_m":120,"operator":"アグリドローン","purpose":"災害調査","airframe":"固定翼","speed_kmh":58.1}},{"type":"Feature","id":470,"geometry":{"type":"Point","coordinates":[135.58974,34.68836]},"properties":{"id":"UAV-0470","area":"大阪（都心）","altitude_m":120,"operator":"災害調査隊","purpose":"農業","airframe":"固定翼","speed_kmh":19.9}},{"type":"Feature","id":471,"geometry":{"type":"Point","coordinates":[135.45795,34.62126]},"properties":{"id":"UAV-0471","area":"大阪（都心）","altitude_m":100,"operator":"災害調査隊","purpose":"物流","airframe":"VTOL","speed_kmh":16.0}},{"type":"Feature","id":472,"geometry":{"type":"Point","coordinates":[135.4243,34.78374]},"properties":{"id":"UAV-0472","area":"大阪（都心）","altitude_m":30,"operator":"測量パートナーズ","purpose":"農業","airframe":"マルチコプター","speed_kmh":7.3}},{"type":"Feature","id":473,"geometry":{"type":"Point","coordinates":[135.61663,34.5355]},"properties":{"id":"UAV-0473","area":"大阪（都心）","altitude_m":100,"operator":"メディア空撮","purpose":"物流","airframe":"マルチコプター","speed_kmh":40.9}},{"type":"Feature","id":474,"geometry":{"type":"Point","coordinates":[135.51963,34.81053]},"properties":{"id":"UAV-0474","area":"大阪（都心）","altitude_m":100,"operator":"メディア空撮","purpose":"測量","airframe":"VTOL","speed_kmh":52.7}},{"type":"Feature","id":475,"geometry":{"type":"Point","coordinates":[135.46926,34.74954]},"properties":{"id":"UAV-0475","area":"大阪（都心）","altitude_m":30,"operator":"測量パートナーズ","purpose":"物流","airframe":"マルチコプター","speed_kmh":14.1}},{"type":"Feature","id":476,"geometry":{"type":"Point","coordinates":[135.55884,34.67894]},"properties":{"id":"UAV-0476","area":"大阪（都心）","altitude_m":150,"operator":"メディア空撮","purpose":"測量","airframe":"VTOL","speed_kmh":9.2}},{"type":"Feature","id":477,"geometry":{"type":"Point","coordinates":[135.42847,34.80262]},"properties":{"id":"UAV-0477","area":"大阪（都心）","altitude_m":120,"operator":"インフラ点検サービス","purpose":"報道空撮","airframe":"固定翼","speed_kmh":31.1}},{"type":"Feature","id":478,"geometry":{"type":"Point","coordinates":[135.35521,34.66321]},"properties":{"id":"UAV-0478","area":"大阪（都心）","altitude_m":150,"operator":"アグリドローン","purpose":"測量","airframe":"VTOL","speed_kmh":43.9}},{"type":"Feature","id":479,"geometry":{"type":"Point","coordinates":[135.56189,34.7856]},"properties":{"id":"UAV-0479","area":"大阪（都心）","altitude_m":80,"operator":"LINKS物流","purpose":"災害調査","airframe":"VTOL","speed_kmh":46.8}},{"type":"Feature","id":480,"geometry":{"type":"Point","coordinates":[135.46404,34.66255]},"properties":{"id":"UAV-0480","area":"大阪（都心）","altitude_m":120,"operator":"測量パートナーズ","purpose":"災害調査","airframe":"VTOL","speed_kmh":37.1}},{"type":"Feature","id":481,"geometry":{"type":"Point","coordinates":[135.48487,34.69899]},"properties":{"id":"UAV-0481","area":"大阪（都心）","altitude_m":100,"operator":"メディア空撮","purpose":"点検","airframe":"固定翼","speed_kmh":9.4}},{"type":"Feature","id":482,"geometry":{"type":"Point","coordinates":[135.53154,34.71473]},"properties":{"id":"UAV-0482","area":"大阪（都心）","altitude_m":150,"operator":"LINKS物流","purpose":"農業","airframe":"固定翼","speed_kmh":24.1}},{"type":"Feature","id":483,"geometry":{"type":"Point","coordinates":[135.56127,34.62946]},"properties":{"id":"UAV-0483","area":"大阪（都心）","altitude_m":80,"operator":"LINKS物流","purpose":"農業","airframe":"固定翼","speed_kmh":55.1}},{"type":"Feature","id":484,"geometry":{"type":"Point","coordinates":[135.47385,34.68888]},"properties":{"id":"UAV-0484","area":"大阪（都心）","altitude_m":120,"operator":"メディア空撮","purpose":"報道空撮","airframe":"マルチコプター","speed_kmh":57.7}},{"type":"Feature","id":485,"geometry":{"type":"Point","coordinates":[135.46736,34.72904]},"properties":{"id":"UAV-0485","area":"大阪（都心）","altitude_m":150,"operator":"測量パートナーズ","purpose":"災害調査","airframe":"マルチコプター","speed_kmh":18.7}},{"type":"Feature","id":486,"geometry":{"type":"Point","coordinates":[135.55224,34.66538]},"properties":{"id":"UAV-0486","area":"大阪（都心）","altitude_m":150,"operator":"スカイデリバリー","purpose":"報道空撮","airframe":"VTOL","speed_kmh":4.2}},{"type":"Feature","id":487,"geometry":{"type":"Point","coordinates":[135.59351,34.62069]},"properties":{"id":"UAV-0487","area":"大阪（都心）","altitude_m":120,"operator":"測量パートナーズ","purpose":"物流","airframe":"VTOL","speed_kmh":6.5}},{"type":"Feature","id":488,"geometry":{"type":"Point","coordinates":[135.41821,34.77129]},"properties":{"id":"UAV-0488","area":"大阪（都心）","altitude_m":100,"operator":"測量パートナーズ","purpose":"物流","airframe":"VTOL","speed_kmh":53.4}},{"type":"Feature","id":489,"geometry":{"type":"Point","coordinates":[135.50423,34.70368]},"properties":{"id":"UAV-0489","area":"大阪（都心）","altitude_m":80,"operator":"スカイデリバリー","purpose":"測量","airframe":"固定翼","speed_kmh":16.3}},{"type":"Feature","id":490,"geometry":{"type":"Point","coordinates":[135.54453,34.7268]},"properties":{"id":"UAV-0490","area":"大阪（都心）","altitude_m":50,"operator":"測量パートナーズ","purpose":"災害調査","airframe":"VTOL","speed_kmh":19.0}},{"type":"Feature","id":491,"geometry":{"type":"Point","coordinates":[135.41827,34.67395]},"properties":{"id":"UAV-0491","area":"大阪（都心）","altitude_m":150,"operator":"アグリドローン","purpose":"物流","airframe":"固定翼","speed_kmh":29.5}},{"type":"Feature","id":492,"geometry":{"type":"Point","coordinates":[135.47756,34.72715]},"properties":{"id":"UAV-0492","area":"大阪（都心）","altitude_m":50,"operator":"LINKS物流","purpose":"警備","airframe":"マルチコプター","speed_kmh":26.4}},{"type":"Feature","id":493,"geometry":{"type":"Point","coordinates":[135.47826,34.651]},"properties":{"id":"UAV-0493","area":"大阪（都心）","altitude_m":100,"operator":"災害調査隊","purpose":"点検","airframe":"VTOL","speed_kmh":57.9}},{"type":"Feature","id":494,"geometry":{"type":"Point","coordinates":[135.31136,34.76197]},"properties":{"id":"UAV-0494","area":"大阪（都心）","altitude_m":100,"operator":"災害調査隊","purpose":"農業","airframe":"VTOL","speed_kmh":37.7}},{"type":"Feature","id":495,"geometry":{"type":"Point","coordinates":[135.38942,34.6173]},"properties":{"id":"UAV-0495","area":"大阪（都心）","altitude_m":30,"operator":"スカイデリバリー","purpose":"物流","airframe":"VTOL","speed_kmh":57.7}},{"type":"Feature","id":496,"geometry":{"type":"Point","coordinates":[135.63338,34.59753]},"properties":{"id":"UAV-0496","area":"大阪（都心）","altitude_m":30,"operator":"LINKS物流","purpose":"警備","airframe":"マルチコプター","speed_kmh":55.0}},{"type":"Feature","id":497,"geometry":{"type":"Point","coordinates":[135.57231,34.60318]},"properties":{"id":"UAV-0497","area":"大阪（都心）","altitude_m":30,"operator":"メディア空撮","purpose":"測量","airframe":"固定翼","speed_kmh":41.4}},{"type":"Feature","id":498,"geometry":{"type":"Point","coordinates":[135.3783,34.72631]},"properties":{"id":"UAV-0498","area":"大阪（都心）","altitude_m":150,"operator":"アグリドローン","purpose":"点検","airframe":"マルチコプター","speed_kmh":19.3}},{"type":"Feature","id":499,"geometry":{"type":"Point","coordinates":[135.36466,34.61724]},"properties":{"id":"UAV-0499","area":"大阪（都心）","altitude_m":100,"operator":"災害調査隊","purpose":"物流","airframe":"VTOL","speed_kmh":7.2}},{"type":"Feature","id":500,"geometry":{"type":"Point","coordinates":[135.40369,34.61902]},"properties":{"id":"UAV-0500","area":"大阪（都心）","altitude_m":150,"operator":"災害調査隊","purpose":"測量","airframe":"固定翼","speed_kmh":57.8}},{"type":"Feature","id":501,"geometry":{"type":"Point","coordinates":[135.4638,34.65684]},"properties":{"id":"UAV-0501","area":"大阪（都心）","altitude_m":150,"operator":"メディア空撮","purpose":"警備","airframe":"マルチコプター","speed_kmh":56.4}},{"type":"Feature","id":502,"geometry":{"type":"Point","coordinates":[135.46944,34.74953]},"properties":{"id":"UAV-0502","area":"大阪（都心）","altitude_m":100,"operator":"災害調査隊","purpose":"測量","airframe":"VTOL","speed_kmh":47.9}},{"type":"Feature","id":503,"geometry":{"type":"Point","coordinates":[135.44504,34.74663]},"properties":{"id":"UAV-0503","area":"大阪（都心）","altitude_m":80,"operator":"アグリドローン","purpose":"災害調査","airframe":"固定翼","speed_kmh":28.7}},{"type":"Feature","id":504,"geometry":{"type":"Point","coordinates":[135.45702,34.66847]},"properties":{"id":"UAV-0504","area":"大阪（都心）","altitude_m":150,"operator":"アグリドローン","purpose":"災害調査","airframe":"固定翼","speed_kmh":6.3}},{"type":"Feature","id":505,"geometry":{"type":"Point","coordinates":[135.41443,34.78594]},"properties":{"id":"UAV-0505","area":"大阪（都心）","altitude_m":50,"operator":"スカイデリバリー","purpose":"測量","airframe":"固定翼","speed_kmh":11.6}},{"type":"Feature","id":506,"geometry":{"type":"Point","coordinates":[135.50967,34.70588]},"properties":{"id":"UAV-0506","area":"大阪（都心）","altitude_m":80,"operator":"災害調査隊","purpose":"報道空撮","airframe":"固定翼","speed_kmh":5.0}},{"type":"Feature","id":507,"geometry":{"type":"Point","coordinates":[135.52261,34.73259]},"properties":{"id":"UAV-0507","area":"大阪（都心）","altitude_m":100,"operator":"アグリドローン","purpose":"農業","airframe":"マルチコプター","speed_kmh":3.3}},{"type":"Feature","id":508,"geometry":{"type":"Point","coordinates":[135.62058,34.60985]},"properties":{"id":"UAV-0508","area":"大阪（都心）","altitude_m":30,"operator":"アグリドローン","purpose":"災害調査","airframe":"VTOL","speed_kmh":28.8}},{"type":"Feature","id":509,"geometry":{"type":"Point","coordinates":[135.38792,34.57966]},"properties":{"id":"UAV-0509","area":"大阪（都心）","altitude_m":120,"operator":"測量パートナーズ","purpose":"点検","airframe":"マルチコプター","speed_kmh":31.7}},{"type":"Feature","id":510,"geometry":{"type":"Point","coordinates":[135.42883,34.73088]},"properties":{"id":"UAV-0510","area":"大阪（都心）","altitude_m":80,"operator":"災害調査隊","purpose":"物流","airframe":"固定翼","speed_kmh":1.2}},{"type":"Feature","id":511,"geometry":{"type":"Point","coordinates":[135.40751,34.7517]},"properties":{"id":"UAV-0511","area":"大阪（都心）","altitude_m":30,"operator":"スカイデリバリー","purpose":"点検","airframe":"VTOL","speed_kmh":24.7}},{"type":"Feature","id":512,"geometry":{"type":"Point","coordinates":[135.62062,34.73618]},"properties":{"id":"UAV-0512","area":"大阪（都心）","altitude_m":50,"operator":"アグリドローン","purpose":"報道空撮","airframe":"VTOL","speed_kmh":17.5}},{"type":"Feature","id":513,"geometry":{"type":"Point","coordinates":[135.54568,34.7373]},"properties":{"id":"UAV-0513","area":"大阪（都心）","altitude_m":150,"operator":"スカイデリバリー","purpose":"災害調査","airframe":"マルチコプター","speed_kmh":27.2}},{"type":"Feature","id":514,"geometry":{"type":"Point","coordinates":[135.48914,34.71186]},"properties":{"id":"UAV-0514","area":"大阪（都心）","altitude_m":50,"operator":"スカイデリバリー","purpose":"測量","airframe":"固定翼","speed_kmh":4.8}},{"type":"Feature","id":515,"geometry":{"type":"Point","coordinates":[135.42823,34.63839]},"properties":{"id":"UAV-0515","area":"大阪（都心）","altitude_m":150,"operator":"アグリドローン","purpose":"点検","airframe":"固定翼","speed_kmh":18.4}},{"type":"Feature","id":516,"geometry":{"type":"Point","coordinates":[135.56021,34.64759]},"properties":{"id":"UAV-0516","area":"大阪（都心）","altitude_m":150,"operator":"インフラ点検サービス","purpose":"災害調査","airframe":"VTOL","speed_kmh":51.2}},{"type":"Feature","id":517,"geometry":{"type":"Point","coordinates":[135.62409,34.58299]},"properties":{"id":"UAV-0517","area":"大阪（都心）","altitude_m":150,"operator":"メディア空撮","purpose":"警備","airframe":"固定翼","speed_kmh":3.4}},{"type":"Feature","id":518,"geometry":{"type":"Point","coordinates":[135.38684,34.80696]},"properties":{"id":"UAV-0518","area":"大阪（都心）","altitude_m":120,"operator":"インフラ点検サービス","purpose":"災害調査","airframe":"VTOL","speed_kmh":55.8}},{"type":"Feature","id":519,"geometry":{"type":"Point","coordinates":[135.63317,34.73934]},"properties":{"id":"UAV-0519","area":"大阪（都心）","altitude_m":100,"operator":"LINKS物流","purpose":"報道空撮","airframe":"マルチコプター","speed_kmh":25.9}},{"type":"Feature","id":520,"geometry":{"type":"Point","coordinates":[135.40749,34.78334]},"properties":{"id":"UAV-0520","area":"大阪（都心）","altitude_m":50,"operator":"スカイデリバリー","purpose":"物流","airframe":"固定翼","speed_kmh":11.7}},{"type":"Feature","id":521,"geometry":{"type":"Point","coordinates":[135.46515,34.63402]},"properties":{"id":"UAV-0521","area":"大阪（都心）","altitude_m":80,"operator":"インフラ点検サービス","purpose":"農業","airframe":"マルチコプター","speed_kmh":36.2}},{"type":"Feature","id":522,"geometry":{"type":"Point","coordinates":[135.44183,34.7684]},"properties":{"id":"UAV-0522","area":"大阪（都心）","altitude_m":120,"operator":"メディア空撮","purpose":"災害調査","airframe":"VTOL","speed_kmh":43.1}},{"type":"Feature","id":523,"geometry":{"type":"Point","coordinates":[135.55806,34.71957]},"properties":{"id":"UAV-0523","area":"大阪（都心）","altitude_m":50,"operator":"スカイデリバリー","purpose":"警備","airframe":"固定翼","speed_kmh":7.2}},{"type":"Feature","id":524,"geometry":{"type":"Point","coordinates":[135.59317,34.74288]},"properties":{"id":"UAV-0524","area":"大阪（都心）","altitude_m":50,"operator":"LINKS物流","purpose":"報道空撮","airframe":"固定翼","speed_kmh":20.2}},{"type":"Feature","id":525,"geometry":{"type":"Point","coordinates":[135.69386,34.85571]},"properties":{"id":"UAV-0525","area":"大阪（都心）","altitude_m":80,"operator":"LINKS物流","purpose":"警備","airframe":"VTOL","speed_kmh":49.7}},{"type":"Feature","id":526,"geometry":{"type":"Point","coordinates":[135.54625,34.81228]},"properties":{"id":"UAV-0526","area":"大阪（都心）","altitude_m":150,"operator":"LINKS物流","purpose":"農業","airframe":"VTOL","speed_kmh":51.9}},{"type":"Feature","id":527,"geometry":{"type":"Point","coordinates":[135.45492,34.66608]},"properties":{"id":"UAV-0527","area":"大阪（都心）","altitude_m":80,"operator":"測量パートナーズ","purpose":"農業","airframe":"VTOL","speed_kmh":31.8}},{"type":"Feature","id":528,"geometry":{"type":"Point","coordinates":[135.53415,34.64861]},"properties":{"id":"UAV-0528","area":"大阪（都心）","altitude_m":50,"operator":"アグリドローン","purpose":"測量","airframe":"マルチコプター","speed_kmh":45.5}},{"type":"Feature","id":529,"geometry":{"type":"Point","coordinates":[135.625,34.6712]},"properties":{"id":"UAV-0529","area":"大阪（都心）","altitude_m":80,"operator":"LINKS物流","purpose":"物流","airframe":"VTOL","speed_kmh":40.1}},{"type":"Feature","id":530,"geometry":{"type":"Point","coordinates":[135.43283,34.86945]},"properties":{"id":"UAV-0530","area":"大阪（都心）","altitude_m":150,"operator":"アグリドローン","purpose":"点検","airframe":"固定翼","speed_kmh":33.6}},{"type":"Feature","id":531,"geometry":{"type":"Point","coordinates":[135.64686,34.80895]},"properties":{"id":"UAV-0531","area":"大阪（都心）","altitude_m":150,"operator":"アグリドローン","purpose":"農業","airframe":"固定翼","speed_kmh":54.7}},{"type":"Feature","id":532,"geometry":{"type":"Point","coordinates":[135.44623,34.7275]},"properties":{"id":"UAV-0532","area":"大阪（都心）","altitude_m":50,"operator":"測量パートナーズ","purpose":"災害調査","airframe":"VTOL","speed_kmh":18.9}},{"type":"Feature","id":533,"geometry":{"type":"Point","coordinates":[135.42882,34.76379]},"properties":{"id":"UAV-0533","area":"大阪（都心）","altitude_m":100,"operator":"インフラ点検サービス","purpose":"警備","airframe":"マルチコプター","speed_kmh":59.8}},{"type":"Feature","id":534,"geometry":{"type":"Point","coordinates":[135.41699,34.75273]},"properties":{"id":"UAV-0534","area":"大阪（都心）","altitude_m":100,"operator":"スカイデリバリー","purpose":"物流","airframe":"マルチコプター","speed_kmh":45.0}},{"type":"Feature","id":535,"geometry":{"type":"Point","coordinates":[135.42909,34.66686]},"properties":{"id":"UAV-0535","area":"大阪（都心）","altitude_m":150,"operator":"アグリドローン","purpose":"警備","airframe":"VTOL","speed_kmh":52.6}},{"type":"Feature","id":536,"geometry":{"type":"Point","coordinates":[135.41434,34.70696]},"properties":{"id":"UAV-0536","area":"大阪（都心）","altitude_m":120,"operator":"スカイデリバリー","purpose":"点検","airframe":"マルチコプター","speed_kmh":51.6}},{"type":"Feature","id":537,"geometry":{"type":"Point","coordinates":[135.57952,34.68999]},"properties":{"id":"UAV-0537","area":"大阪（都心）","altitude_m":100,"operator":"メディア空撮","purpose":"農業","airframe":"固定翼","speed_kmh":50.7}},{"type":"Feature","id":538,"geometry":{"type":"Point","coordinates":[135.44435,34.80389]},"properties":{"id":"UAV-0538","area":"大阪（都心）","altitude_m":50,"operator":"アグリドローン","purpose":"警備","airframe":"マルチコプター","speed_kmh":33.4}},{"type":"Feature","id":539,"geometry":{"type":"Point","coordinates":[135.34978,34.73317]},"properties":{"id":"UAV-0539","area":"大阪（都心）","altitude_m":50,"operator":"メディア空撮","purpose":"農業","airframe":"固定翼","speed_kmh":30.6}},{"type":"Feature","id":540,"geometry":{"type":"Point","coordinates":[135.47956,34.6146]},"properties":{"id":"UAV-0540","area":"大阪（都心）","altitude_m":100,"operator":"災害調査隊","purpose":"物流","airframe":"マルチコプター","speed_kmh":21.9}},{"type":"Feature","id":541,"geometry":{"type":"Point","coordinates":[135.58021,34.8418]},"properties":{"id":"UAV-0541","area":"大阪（都心）","altitude_m":50,"operator":"災害調査隊","purpose":"点検","airframe":"マルチコプター","speed_kmh":47.3}},{"type":"Feature","id":542,"geometry":{"type":"Point","coordinates":[135.49739,34.77811]},"properties":{"id":"UAV-0542","area":"大阪（都心）","altitude_m":50,"operator":"メディア空撮","purpose":"報道空撮","airframe":"固定翼","speed_kmh":38.1}},{"type":"Feature","id":543,"geometry":{"type":"Point","coordinates":[135.37098,34.72283]},"properties":{"id":"UAV-0543","area":"大阪（都心）","altitude_m":100,"operator":"スカイデリバリー","purpose":"警備","airframe":"VTOL","speed_kmh":14.4}},{"type":"Feature","id":544,"geometry":{"type":"Point","coordinates":[135.40661,34.71999]},"properties":{"id":"UAV-0544","area":"大阪（都心）","altitude_m":120,"operator":"スカイデリバリー","purpose":"災害調査","airframe":"マルチコプター","speed_kmh":8.5}},{"type":"Feature","id":545,"geometry":{"type":"Point","coordinates":[135.34107,34.65801]},"properties":{"id":"UAV-0545","area":"大阪（都心）","altitude_m":120,"operator":"LINKS物流","purpose":"警備","airframe":"固定翼","speed_kmh":52.1}},{"type":"Feature","id":546,"geometry":{"type":"Point","coordinates":[135.4768,34.62574]},"properties":{"id":"UAV-0546","area":"大阪（都心）","altitude_m":150,"operator":"メディア空撮","purpose":"報道空撮","airframe":"マルチコプター","speed_kmh":35.4}},{"type":"Feature","id":547,"geometry":{"type":"Point","coordinates":[135.56534,34.71294]},"properties":{"id":"UAV-0547","area":"大阪（都心）","altitude_m":100,"operator":"スカイデリバリー","purpose":"警備","airframe":"マルチコプター","speed_kmh":39.7}},{"type":"Feature","id":548,"geometry":{"type":"Point","coordinates":[135.5665,34.78544]},"properties":{"id":"UAV-0548","area":"大阪（都心）","altitude_m":50,"operator":"アグリドローン","purpose":"警備","airframe":"VTOL","speed_kmh":41.3}},{"type":"Feature","id":549,"geometry":{"type":"Point","coordinates":[135.63769,34.67553]},"properties":{"id":"UAV-0549","area":"大阪（都心）","altitude_m":80,"operator":"LINKS物流","purpose":"物流","airframe":"固定翼","speed_kmh":36.0}},{"type":"Feature","id":550,"geometry":{"type":"Point","coordinates":[135.60636,34.60213]},"properties":{"id":"UAV-0550","area":"大阪（都心）","altitude_m":50,"operator":"インフラ点検サービス","purpose":"測量","airframe":"マルチコプター","speed_kmh":53.2}},{"type":"Feature","id":551,"geometry":{"type":"Point","coordinates":[135.63963,34.74375]},"properties":{"id":"UAV-0551","area":"大阪（都心）","altitude_m":100,"operator":"インフラ点検サービス","purpose":"警備","airframe":"マルチコプター","speed_kmh":50.3}},{"type":"Feature","id":552,"geometry":{"type":"Point","coordinates":[135.42472,34.75759]},"properties":{"id":"UAV-0552","area":"大阪（都心）","altitude_m":120,"operator":"災害調査隊","purpose":"災害調査","airframe":"VTOL","speed_kmh":31.1}},{"type":"Feature","id":553,"geometry":{"type":"Point","coordinates":[135.60206,34.62773]},"properties":{"id":"UAV-0553","area":"大阪（都心）","altitude_m":30,"operator":"測量パートナーズ","purpose":"点検","airframe":"マルチコプター","speed_kmh":30.5}},{"type":"Feature","id":554,"geometry":{"type":"Point","coordinates":[135.54037,34.75547]},"properties":{"id":"UAV-0554","area":"大阪（都心）","altitude_m":80,"operator":"測量パートナーズ","purpose":"報道空撮","airframe":"マルチコプター","speed_kmh":55.7}},{"type":"Feature","id":555,"geometry":{"type":"Point","coordinates":[135.52707,34.67121]},"properties":{"id":"UAV-0555","area":"大阪（都心）","altitude_m":150,"operator":"測量パートナーズ","purpose":"警備","airframe":"マルチコプター","speed_kmh":45.4}},{"type":"Feature","id":556,"geometry":{"type":"Point","coordinates":[135.56793,34.68347]},"properties":{"id":"UAV-0556","area":"大阪（都心）","altitude_m":120,"operator":"スカイデリバリー","purpose":"報道空撮","airframe":"VTOL","speed_kmh":51.2}},{"type":"Feature","id":557,"geometry":{"type":"Point","coordinates":[135.52481,34.71084]},"properties":{"id":"UAV-0557","area":"大阪（都心）","altitude_m":50,"operator":"スカイデリバリー","purpose":"物流","airframe":"マルチコプター","speed_kmh":24.7}},{"type":"Feature","id":558,"geometry":{"type":"Point","coordinates":[135.46497,34.74301]},"properties":{"id":"UAV-0558","area":"大阪（都心）","altitude_m":150,"operator":"災害調査隊","purpose":"災害調査","airframe":"固定翼","speed_kmh":27.4}},{"type":"Feature","id":559,"geometry":{"type":"Point","coordinates":[135.49604,34.79518]},"properties":{"id":"UAV-0559","area":"大阪（都心）","altitude_m":30,"operator":"アグリドローン","purpose":"物流","airframe":"VTOL","speed_kmh":59.3}},{"type":"Feature","id":560,"geometry":{"type":"Point","coordinates":[135.45197,34.69932]},"properties":{"id":"UAV-0560","area":"大阪（都心）","altitude_m":50,"operator":"LINKS物流","purpose":"物流","airframe":"VTOL","speed_kmh":52.7}},{"type":"Feature","id":561,"geometry":{"type":"Point","coordinates":[135.50736,34.5418]},"properties":{"id":"UAV-0561","area":"大阪（都心）","altitude_m":80,"operator":"メディア空撮","purpose":"点検","airframe":"VTOL","speed_kmh":24.7}},{"type":"Feature","id":562,"geometry":{"type":"Point","coordinates":[135.43212,34.60855]},"properties":{"id":"UAV-0562","area":"大阪（都心）","altitude_m":80,"operator":"メディア空撮","purpose":"測量","airframe":"固定翼","speed_kmh":24.7}},{"type":"Feature","id":563,"geometry":{"type":"Point","coordinates":[135.24558,34.65728]},"properties":{"id":"UAV-0563","area":"大阪（都心）","altitude_m":100,"operator":"インフラ点検サービス","purpose":"点検","airframe":"VTOL","speed_kmh":32.0}},{"type":"Feature","id":564,"geometry":{"type":"Point","coordinates":[135.5384,34.66115]},"properties":{"id":"UAV-0564","area":"大阪（都心）","altitude_m":120,"operator":"測量パートナーズ","purpose":"点検","airframe":"マルチコプター","speed_kmh":17.5}},{"type":"Feature","id":565,"geometry":{"type":"Point","coordinates":[135.53675,34.75023]},"properties":{"id":"UAV-0565","area":"大阪（都心）","altitude_m":50,"operator":"メディア空撮","purpose":"警備","airframe":"VTOL","speed_kmh":49.0}},{"type":"Feature","id":566,"geometry":{"type":"Point","coordinates":[135.67266,34.69008]},"properties":{"id":"UAV-0566","area":"大阪（都心）","altitude_m":120,"operator":"LINKS物流","purpose":"報道空撮","airframe":"マルチコプター","speed_kmh":50.4}},{"type":"Feature","id":567,"geometry":{"type":"Point","coordinates":[135.51306,34.67708]},"properties":{"id":"UAV-0567","area":"大阪（都心）","altitude_m":120,"operator":"メディア空撮","purpose":"測量","airframe":"VTOL","speed_kmh":43.3}},{"type":"Feature","id":568,"geometry":{"type":"Point","coordinates":[135.5681,34.75962]},"properties":{"id":"UAV-0568","area":"大阪（都心）","altitude_m":120,"operator":"LINKS物流","purpose":"農業","airframe":"マルチコプター","speed_kmh":14.7}},{"type":"Feature","id":569,"geometry":{"type":"Point","coordinates":[135.408,34.65303]},"properties":{"id":"UAV-0569","area":"大阪（都心）","altitude_m":120,"operator":"インフラ点検サービス","purpose":"物流","airframe":"VTOL","speed_kmh":22.7}},{"type":"Feature","id":570,"geometry":{"type":"Point","coordinates":[135.5035,34.81669]},"properties":{"id":"UAV-0570","area":"大阪（都心）","altitude_m":50,"operator":"インフラ点検サービス","purpose":"農業","airframe":"マルチコプター","speed_kmh":46.4}},{"type":"Feature","id":571,"geometry":{"type":"Point","coordinates":[135.46711,34.61274]},"properties":{"id":"UAV-0571","area":"大阪（都心）","altitude_m":30,"operator":"メディア空撮","purpose":"農業","airframe":"VTOL","speed_kmh":6.7}},{"type":"Feature","id":572,"geometry":{"type":"Point","coordinates":[135.54938,34.67835]},"properties":{"id":"UAV-0572","area":"大阪（都心）","altitude_m":120,"operator":"メディア空撮","purpose":"警備","airframe":"VTOL","speed_kmh":24.8}},{"type":"Feature","id":573,"geometry":{"type":"Point","coordinates":[135.5568,34.54799]},"properties":{"id":"UAV-0573","area":"大阪（都心）","altitude_m":80,"operator":"LINKS物流","purpose":"点検","airframe":"固定翼","speed_kmh":32.0}},{"type":"Feature","id":574,"geometry":{"type":"Point","coordinates":[135.50586,34.67433]},"properties":{"id":"UAV-0574","area":"大阪（都心）","altitude_m":100,"operator":"スカイデリバリー","purpose":"報道空撮","airframe":"VTOL","speed_kmh":13.0}},{"type":"Feature","id":575,"geometry":{"type":"Point","coordinates":[135.42109,34.68778]},"properties":{"id":"UAV-0575","area":"大阪（都心）","altitude_m":50,"operator":"スカイデリバリー","purpose":"物流","airframe":"VTOL","speed_kmh":35.3}},{"type":"Feature","id":576,"geometry":{"type":"Point","coordinates":[135.53042,34.58586]},"properties":{"id":"UAV-0576","area":"大阪（都心）","altitude_m":50,"operator":"インフラ点検サービス","purpose":"警備","airframe":"マルチコプター","speed_kmh":10.7}},{"type":"Feature","id":577,"geometry":{"type":"Point","coordinates":[135.5385,34.80999]},"properties":{"id":"UAV-0577","area":"大阪（都心）","altitude_m":150,"operator":"スカイデリバリー","purpose":"測量","airframe":"固定翼","speed_kmh":47.8}},{"type":"Feature","id":578,"geometry":{"type":"Point","coordinates":[135.46989,34.75123]},"properties":{"id":"UAV-0578","area":"大阪（都心）","altitude_m":50,"operator":"アグリドローン","purpose":"測量","airframe":"固定翼","speed_kmh":28.7}},{"type":"Feature","id":579,"geometry":{"type":"Point","coordinates":[135.59123,34.76656]},"properties":{"id":"UAV-0579","area":"大阪（都心）","altitude_m":30,"operator":"測量パートナーズ","purpose":"農業","airframe":"固定翼","speed_kmh":54.6}},{"type":"Feature","id":580,"geometry":{"type":"Point","coordinates":[135.7214,34.6992]},"properties":{"id":"UAV-0580","area":"大阪（都心）","altitude_m":80,"operator":"災害調査隊","purpose":"農業","airframe":"固定翼","speed_kmh":22.2}},{"type":"Feature","id":581,"geometry":{"type":"Point","coordinates":[136.80006,35.1575]},"properties":{"id":"UAV-0581","area":"名古屋","altitude_m":100,"operator":"LINKS物流","purpose":"測量","airframe":"マルチコプター","speed_kmh":13.5}},{"type":"Feature","id":582,"geometry":{"type":"Point","coordinates":[136.96366,35.14582]},"properties":{"id":"UAV-0582","area":"名古屋","altitude_m":150,"operator":"災害調査隊","purpose":"測量","airframe":"固定翼","speed_kmh":34.3}},{"type":"Feature","id":583,"geometry":{"type":"Point","coordinates":[136.98608,35.14276]},"properties":{"id":"UAV-0583","area":"名古屋","altitude_m":120,"operator":"アグリドローン","purpose":"警備","airframe":"固定翼","speed_kmh":39.1}},{"type":"Feature","id":584,"geometry":{"type":"Point","coordinates":[136.85376,35.10172]},"properties":{"id":"UAV-0584","area":"名古屋","altitude_m":150,"operator":"インフラ点検サービス","purpose":"報道空撮","airframe":"固定翼","speed_kmh":50.7}},{"type":"Feature","id":585,"geometry":{"type":"Point","coordinates":[137.04768,35.17342]},"properties":{"id":"UAV-0585","area":"名古屋","altitude_m":80,"operator":"測量パートナーズ","purpose":"災害調査","airframe":"VTOL","speed_kmh":9.8}},{"type":"Feature","id":586,"geometry":{"type":"Point","coordinates":[136.93403,35.23136]},"properties":{"id":"UAV-0586","area":"名古屋","altitude_m":50,"operator":"メディア空撮","purpose":"測量","airframe":"固定翼","speed_kmh":1.8}},{"type":"Feature","id":587,"geometry":{"type":"Point","coordinates":[136.92194,35.19735]},"properties":{"id":"UAV-0587","area":"名古屋","altitude_m":30,"operator":"LINKS物流","purpose":"点検","airframe":"VTOL","speed_kmh":43.8}},{"type":"Feature","id":588,"geometry":{"type":"Point","coordinates":[136.92236,35.2768]},"properties":{"id":"UAV-0588","area":"名古屋","altitude_m":150,"operator":"測量パートナーズ","purpose":"物流","airframe":"VTOL","speed_kmh":20.1}},{"type":"Feature","id":589,"geometry":{"type":"Point","coordinates":[136.98357,35.23906]},"properties":{"id":"UAV-0589","area":"名古屋","altitude_m":100,"operator":"スカイデリバリー","purpose":"警備","airframe":"固定翼","speed_kmh":26.5}},{"type":"Feature","id":590,"geometry":{"type":"Point","coordinates":[136.77762,35.20628]},"properties":{"id":"UAV-0590","area":"名古屋","altitude_m":150,"operator":"アグリドローン","purpose":"災害調査","airframe":"マルチコプター","speed_kmh":16.8}},{"type":"Feature","id":591,"geometry":{"type":"Point","coordinates":[136.96342,35.24331]},"properties":{"id":"UAV-0591","area":"名古屋","altitude_m":100,"operator":"メディア空撮","purpose":"農業","airframe":"固定翼","speed_kmh":16.1}},{"type":"Feature","id":592,"geometry":{"type":"Point","coordinates":[136.85501,35.11714]},"properties":{"id":"UAV-0592","area":"名古屋","altitude_m":100,"operator":"災害調査隊","purpose":"警備","airframe":"マルチコプター","speed_kmh":43.5}},{"type":"Feature","id":593,"geometry":{"type":"Point","coordinates":[136.87199,35.21017]},"properties":{"id":"UAV-0593","area":"名古屋","altitude_m":120,"operator":"インフラ点検サービス","purpose":"測量","airframe":"マルチコプター","speed_kmh":1.4}},{"type":"Feature","id":594,"geometry":{"type":"Point","coordinates":[137.00668,35.17305]},"properties":{"id":"UAV-0594","area":"名古屋","altitude_m":30,"operator":"インフラ点検サービス","purpose":"報道空撮","airframe":"マルチコプター","speed_kmh":58.0}},{"type":"Feature","id":595,"geometry":{"type":"Point","coordinates":[136.88597,35.22622]},"properties":{"id":"UAV-0595","area":"名古屋","altitude_m":150,"operator":"スカイデリバリー","purpose":"点検","airframe":"固定翼","speed_kmh":15.1}},{"type":"Feature","id":596,"geometry":{"type":"Point","coordinates":[136.94136,35.08454]},"properties":{"id":"UAV-0596","area":"名古屋","altitude_m":100,"operator":"測量パートナーズ","purpose":"報道空撮","airframe":"固定翼","speed_kmh":44.2}},{"type":"Feature","id":597,"geometry":{"type":"Point","coordinates":[136.93126,35.22203]},"properties":{"id":"UAV-0597","area":"名古屋","altitude_m":150,"operator":"測量パートナーズ","purpose":"報道空撮","airframe":"マルチコプター","speed_kmh":22.7}},{"type":"Feature","id":598,"geometry":{"type":"Point","coordinates":[136.8067,35.33356]},"properties":{"id":"UAV-0598","area":"名古屋","altitude_m":80,"operator":"アグリドローン","purpose":"警備","airframe":"固定翼","speed_kmh":15.2}},{"type":"Feature","id":599,"geometry":{"type":"Point","coordinates":[137.04907,35.12739]},"properties":{"id":"UAV-0599","area":"名古屋","altitude_m":50,"operator":"インフラ点検サービス","purpose":"報道空撮","airframe":"マルチコプター","speed_kmh":53.4}},{"type":"Feature","id":600,"geometry":{"type":"Point","coordinates":[136.93474,35.14288]},"properties":{"id":"UAV-0600","area":"名古屋","altitude_m":50,"operator":"災害調査隊","purpose":"警備","airframe":"固定翼","speed_kmh":22.9}},{"type":"Feature","id":601,"geometry":{"type":"Point","coordinates":[136.98704,35.09579]},"properties":{"id":"UAV-0601","area":"名古屋","altitude_m":100,"operator":"災害調査隊","purpose":"警備","airframe":"マルチコプター","speed_kmh":0.1}},{"type":"Feature","id":602,"geometry":{"type":"Point","coordinates":[136.93342,35.19948]},"properties":{"id":"UAV-0602","area":"名古屋","altitude_m":80,"operator":"アグリドローン","purpose":"農業","airframe":"VTOL","speed_kmh":6.7}},{"type":"Feature","id":603,"geometry":{"type":"Point","coordinates":[137.00677,35.19468]},"properties":{"id":"UAV-0603","area":"名古屋","altitude_m":120,"operator":"スカイデリバリー","purpose":"報道空撮","airframe":"固定翼","speed_kmh":38.6}},{"type":"Feature","id":604,"geometry":{"type":"Point","coordinates":[136.80956,35.24105]},"properties":{"id":"UAV-0604","area":"名古屋","altitude_m":50,"operator":"インフラ点検サービス","purpose":"報道空撮","airframe":"マルチコプター","speed_kmh":54.8}},{"type":"Feature","id":605,"geometry":{"type":"Point","coordinates":[136.85695,35.06967]},"properties":{"id":"UAV-0605","area":"名古屋","altitude_m":150,"operator":"スカイデリバリー","purpose":"物流","airframe":"固定翼","speed_kmh":12.0}},{"type":"Feature","id":606,"geometry":{"type":"Point","coordinates":[136.86001,35.21968]},"properties":{"id":"UAV-0606","area":"名古屋","altitude_m":50,"operator":"LINKS物流","purpose":"災害調査","airframe":"VTOL","speed_kmh":41.6}},{"type":"Feature","id":607,"geometry":{"type":"Point","coordinates":[136.8689,35.08811]},"properties":{"id":"UAV-0607","area":"名古屋","altitude_m":30,"operator":"インフラ点検サービス","purpose":"報道空撮","airframe":"マルチコプター","speed_kmh":15.3}},{"type":"Feature","id":608,"geometry":{"type":"Point","coordinates":[137.00163,35.32113]},"properties":{"id":"UAV-0608","area":"名古屋","altitude_m":120,"operator":"インフラ点検サービス","purpose":"災害調査","airframe":"VTOL","speed_kmh":8.9}},{"type":"Feature","id":609,"geometry":{"type":"Point","coordinates":[136.88672,35.27248]},"properties":{"id":"UAV-0609","area":"名古屋","altitude_m":50,"operator":"メディア空撮","purpose":"災害調査","airframe":"固定翼","speed_kmh":22.5}},{"type":"Feature","id":610,"geometry":{"type":"Point","coordinates":[136.84884,35.22038]},"properties":{"id":"UAV-0610","area":"名古屋","altitude_m":50,"operator":"測量パートナーズ","purpose":"測量","airframe":"固定翼","speed_kmh":50.7}},{"type":"Feature","id":611,"geometry":{"type":"Point","coordinates":[136.83664,35.15981]},"properties":{"id":"UAV-0611","area":"名古屋","altitude_m":120,"operator":"インフラ点検サービス","purpose":"測量","airframe":"固定翼","speed_kmh":56.0}},{"type":"Feature","id":612,"geometry":{"type":"Point","coordinates":[136.95038,35.26247]},"properties":{"id":"UAV-0612","area":"名古屋","altitude_m":50,"operator":"LINKS物流","purpose":"警備","airframe":"固定翼","speed_kmh":13.6}},{"type":"Feature","id":613,"geometry":{"type":"Point","coordinates":[136.97536,35.24623]},"properties":{"id":"UAV-0613","area":"名古屋","altitude_m":150,"operator":"災害調査隊","purpose":"農業","airframe":"VTOL","speed_kmh":13.2}},{"type":"Feature","id":614,"geometry":{"type":"Point","coordinates":[136.85086,35.18927]},"properties":{"id":"UAV-0614","area":"名古屋","altitude_m":120,"operator":"LINKS物流","purpose":"農業","airframe":"固定翼","speed_kmh":10.2}},{"type":"Feature","id":615,"geometry":{"type":"Point","coordinates":[136.93689,35.0851]},"properties":{"id":"UAV-0615","area":"名古屋","altitude_m":80,"operator":"LINKS物流","purpose":"報道空撮","airframe":"マルチコプター","speed_kmh":18.9}},{"type":"Feature","id":616,"geometry":{"type":"Point","coordinates":[136.87168,35.24687]},"properties":{"id":"UAV-0616","area":"名古屋","altitude_m":80,"operator":"スカイデリバリー","purpose":"点検","airframe":"マルチコプター","speed_kmh":7.2}},{"type":"Feature","id":617,"geometry":{"type":"Point","coordinates":[136.84173,35.19173]},"properties":{"id":"UAV-0617","area":"名古屋","altitude_m":50,"operator":"LINKS物流","purpose":"点検","airframe":"マルチコプター","speed_kmh":14.2}},{"type":"Feature","id":618,"geometry":{"type":"Point","coordinates":[136.86023,35.13997]},"properties":{"id":"UAV-0618","area":"名古屋","altitude_m":30,"operator":"インフラ点検サービス","purpose":"報道空撮","airframe":"固定翼","speed_kmh":7.1}},{"type":"Feature","id":619,"geometry":{"type":"Point","coordinates":[136.95073,35.13201]},"properties":{"id":"UAV-0619","area":"名古屋","altitude_m":150,"operator":"アグリドローン","purpose":"農業","airframe":"マルチコプター","speed_kmh":20.4}},{"type":"Feature","id":620,"geometry":{"type":"Point","coordinates":[137.19204,35.15912]},"properties":{"id":"UAV-0620","area":"名古屋","altitude_m":100,"operator":"災害調査隊","purpose":"報道空撮","airframe":"マルチコプター","speed_kmh":33.0}},{"type":"Feature","id":621,"geometry":{"type":"Point","coordinates":[136.82837,35.09304]},"properties":{"id":"UAV-0621","area":"名古屋","altitude_m":120,"operator":"スカイデリバリー","purpose":"農業","airframe":"固定翼","speed_kmh":3.9}},{"type":"Feature","id":622,"geometry":{"type":"Point","coordinates":[136.9364,35.25175]},"properties":{"id":"UAV-0622","area":"名古屋","altitude_m":150,"operator":"LINKS物流","purpose":"測量","airframe":"VTOL","speed_kmh":6.4}},{"type":"Feature","id":623,"geometry":{"type":"Point","coordinates":[137.07169,35.14811]},"properties":{"id":"UAV-0623","area":"名古屋","altitude_m":30,"operator":"測量パートナーズ","purpose":"災害調査","airframe":"VTOL","speed_kmh":40.6}},{"type":"Feature","id":624,"geometry":{"type":"Point","coordinates":[136.92112,35.18864]},"properties":{"id":"UAV-0624","area":"名古屋","altitude_m":80,"operator":"スカイデリバリー","purpose":"災害調査","airframe":"固定翼","speed_kmh":8.3}},{"type":"Feature","id":625,"geometry":{"type":"Point","coordinates":[136.94018,35.17866]},"properties":{"id":"UAV-0625","area":"名古屋","altitude_m":150,"operator":"災害調査隊","purpose":"報道空撮","airframe":"固定翼","speed_kmh":0.7}},{"type":"Feature","id":626,"geometry":{"type":"Point","coordinates":[136.92004,35.09902]},"properties":{"id":"UAV-0626","area":"名古屋","altitude_m":50,"operator":"LINKS物流","purpose":"農業","airframe":"マルチコプター","speed_kmh":30.2}},{"type":"Feature","id":627,"geometry":{"type":"Point","coordinates":[136.9846,35.25286]},"properties":{"id":"UAV-0627","area":"名古屋","altitude_m":80,"operator":"アグリドローン","purpose":"警備","airframe":"マルチコプター","speed_kmh":27.1}},{"type":"Feature","id":628,"geometry":{"type":"Point","coordinates":[136.79158,35.26831]},"properties":{"id":"UAV-0628","area":"名古屋","altitude_m":50,"operator":"災害調査隊","purpose":"農業","airframe":"VTOL","speed_kmh":9.2}},{"type":"Feature","id":629,"geometry":{"type":"Point","coordinates":[136.96326,35.24842]},"properties":{"id":"UAV-0629","area":"名古屋","altitude_m":150,"operator":"メディア空撮","purpose":"災害調査","airframe":"固定翼","speed_kmh":27.8}},{"type":"Feature","id":630,"geometry":{"type":"Point","coordinates":[136.88769,35.19612]},"properties":{"id":"UAV-0630","area":"名古屋","altitude_m":120,"operator":"測量パートナーズ","purpose":"農業","airframe":"マルチコプター","speed_kmh":24.7}},{"type":"Feature","id":631,"geometry":{"type":"Point","coordinates":[136.91282,35.15567]},"properties":{"id":"UAV-0631","area":"名古屋","altitude_m":50,"operator":"アグリドローン","purpose":"点検","airframe":"マルチコプター","speed_kmh":31.9}},{"type":"Feature","id":632,"geometry":{"type":"Point","coordinates":[137.05615,35.24579]},"properties":{"id":"UAV-0632","area":"名古屋","altitude_m":150,"operator":"災害調査隊","purpose":"測量","airframe":"VTOL","speed_kmh":21.9}},{"type":"Feature","id":633,"geometry":{"type":"Point","coordinates":[136.82953,35.04534]},"properties":{"id":"UAV-0633","area":"名古屋","altitude_m":150,"operator":"LINKS物流","purpose":"物流","airframe":"マルチコプター","speed_kmh":17.3}},{"type":"Feature","id":634,"geometry":{"type":"Point","coordinates":[136.9213,35.18705]},"properties":{"id":"UAV-0634","area":"名古屋","altitude_m":50,"operator":"メディア空撮","purpose":"点検","airframe":"固定翼","speed_kmh":50.6}},{"type":"Feature","id":635,"geometry":{"type":"Point","coordinates":[137.11573,35.0742]},"properties":{"id":"UAV-0635","area":"名古屋","altitude_m":30,"operator":"インフラ点検サービス","purpose":"農業","airframe":"VTOL","speed_kmh":7.9}},{"type":"Feature","id":636,"geometry":{"type":"Point","coordinates":[137.09384,35.24468]},"properties":{"id":"UAV-0636","area":"名古屋","altitude_m":100,"operator":"災害調査隊","purpose":"災害調査","airframe":"VTOL","speed_kmh":8.5}},{"type":"Feature","id":637,"geometry":{"type":"Point","coordinates":[136.89827,35.31231]},"properties":{"id":"UAV-0637","area":"名古屋","altitude_m":50,"operator":"測量パートナーズ","purpose":"警備","airframe":"VTOL","speed_kmh":17.3}},{"type":"Feature","id":638,"geometry":{"type":"Point","coordinates":[136.9811,35.11876]},"properties":{"id":"UAV-0638","area":"名古屋","altitude_m":50,"operator":"測量パートナーズ","purpose":"警備","airframe":"VTOL","speed_kmh":16.1}},{"type":"Feature","id":639,"geometry":{"type":"Point","coordinates":[136.88107,35.11016]},"properties":{"id":"UAV-0639","area":"名古屋","altitude_m":30,"operator":"スカイデリバリー","purpose":"災害調査","airframe":"VTOL","speed_kmh":46.5}},{"type":"Feature","id":640,"geometry":{"type":"Point","coordinates":[136.99379,35.08232]},"properties":{"id":"UAV-0640","area":"名古屋","altitude_m":120,"operator":"LINKS物流","purpose":"報道空撮","airframe":"マルチコプター","speed_kmh":4.6}},{"type":"Feature","id":641,"geometry":{"type":"Point","coordinates":[137.00358,35.25724]},"properties":{"id":"UAV-0641","area":"名古屋","altitude_m":50,"operator":"インフラ点検サービス","purpose":"農業","airframe":"固定翼","speed_kmh":8.6}},{"type":"Feature","id":642,"geometry":{"type":"Point","coordinates":[137.05628,35.24246]},"properties":{"id":"UAV-0642","area":"名古屋","altitude_m":150,"operator":"測量パートナーズ","purpose":"災害調査","airframe":"マルチコプター","speed_kmh":31.5}},{"type":"Feature","id":643,"geometry":{"type":"Point","coordinates":[137.0511,35.20475]},"properties":{"id":"UAV-0643","area":"名古屋","altitude_m":150,"operator":"災害調査隊","purpose":"災害調査","airframe":"マルチコプター","speed_kmh":48.5}},{"type":"Feature","id":644,"geometry":{"type":"Point","coordinates":[136.92069,35.27635]},"properties":{"id":"UAV-0644","area":"名古屋","altitude_m":30,"operator":"インフラ点検サービス","purpose":"警備","airframe":"VTOL","speed_kmh":45.8}},{"type":"Feature","id":645,"geometry":{"type":"Point","coordinates":[136.90618,35.18079]},"properties":{"id":"UAV-0645","area":"名古屋","altitude_m":30,"operator":"LINKS物流","purpose":"農業","airframe":"固定翼","speed_kmh":1.3}},{"type":"Feature","id":646,"geometry":{"type":"Point","coordinates":[136.80103,35.29485]},"properties":{"id":"UAV-0646","area":"名古屋","altitude_m":120,"operator":"アグリドローン","purpose":"測量","airframe":"マルチコプター","speed_kmh":8.3}},{"type":"Feature","id":647,"geometry":{"type":"Point","coordinates":[136.95508,35.18981]},"properties":{"id":"UAV-0647","area":"名古屋","altitude_m":50,"operator":"LINKS物流","purpose":"警備","airframe":"VTOL","speed_kmh":46.1}},{"type":"Feature","id":648,"geometry":{"type":"Point","coordinates":[136.87268,35.25122]},"properties":{"id":"UAV-0648","area":"名古屋","altitude_m":100,"operator":"災害調査隊","purpose":"測量","airframe":"固定翼","speed_kmh":36.0}},{"type":"Feature","id":649,"geometry":{"type":"Point","coordinates":[136.95344,35.14367]},"properties":{"id":"UAV-0649","area":"名古屋","altitude_m":80,"operator":"LINKS物流","purpose":"農業","airframe":"VTOL","speed_kmh":53.6}},{"type":"Feature","id":650,"geometry":{"type":"Point","coordinates":[136.82833,35.09902]},"properties":{"id":"UAV-0650","area":"名古屋","altitude_m":30,"operator":"LINKS物流","purpose":"災害調査","airframe":"固定翼","speed_kmh":55.6}},{"type":"Feature","id":651,"geometry":{"type":"Point","coordinates":[136.8493,35.27274]},"properties":{"id":"UAV-0651","area":"名古屋","altitude_m":120,"operator":"インフラ点検サービス","purpose":"物流","airframe":"固定翼","speed_kmh":14.2}},{"type":"Feature","id":652,"geometry":{"type":"Point","coordinates":[136.77541,35.17913]},"properties":{"id":"UAV-0652","area":"名古屋","altitude_m":100,"operator":"インフラ点検サービス","purpose":"農業","airframe":"マルチコプター","speed_kmh":43.0}},{"type":"Feature","id":653,"geometry":{"type":"Point","coordinates":[136.82757,35.16351]},"properties":{"id":"UAV-0653","area":"名古屋","altitude_m":100,"operator":"スカイデリバリー","purpose":"報道空撮","airframe":"マルチコプター","speed_kmh":4.4}},{"type":"Feature","id":654,"geometry":{"type":"Point","coordinates":[136.88118,35.19666]},"properties":{"id":"UAV-0654","area":"名古屋","altitude_m":120,"operator":"インフラ点検サービス","purpose":"災害調査","airframe":"固定翼","speed_kmh":22.1}},{"type":"Feature","id":655,"geometry":{"type":"Point","coordinates":[136.87537,35.07674]},"properties":{"id":"UAV-0655","area":"名古屋","altitude_m":50,"operator":"インフラ点検サービス","purpose":"物流","airframe":"VTOL","speed_kmh":30.8}},{"type":"Feature","id":656,"geometry":{"type":"Point","coordinates":[136.81191,35.14628]},"properties":{"id":"UAV-0656","area":"名古屋","altitude_m":120,"operator":"災害調査隊","purpose":"農業","airframe":"固定翼","speed_kmh":23.4}},{"type":"Feature","id":657,"geometry":{"type":"Point","coordinates":[136.91526,35.33598]},"properties":{"id":"UAV-0657","area":"名古屋","altitude_m":120,"operator":"災害調査隊","purpose":"災害調査","airframe":"固定翼","speed_kmh":57.8}},{"type":"Feature","id":658,"geometry":{"type":"Point","coordinates":[136.95308,35.23831]},"properties":{"id":"UAV-0658","area":"名古屋","altitude_m":150,"operator":"メディア空撮","purpose":"点検","airframe":"固定翼","speed_kmh":55.1}},{"type":"Feature","id":659,"geometry":{"type":"Point","coordinates":[136.81575,35.21854]},"properties":{"id":"UAV-0659","area":"名古屋","altitude_m":120,"operator":"インフラ点検サービス","purpose":"点検","airframe":"固定翼","speed_kmh":22.3}},{"type":"Feature","id":660,"geometry":{"type":"Point","coordinates":[136.90486,35.04256]},"properties":{"id":"UAV-0660","area":"名古屋","altitude_m":30,"operator":"LINKS物流","purpose":"農業","airframe":"固定翼","speed_kmh":17.5}},{"type":"Feature","id":661,"geometry":{"type":"Point","coordinates":[136.80459,35.1202]},"properties":{"id":"UAV-0661","area":"名古屋","altitude_m":50,"operator":"測量パートナーズ","purpose":"報道空撮","airframe":"固定翼","speed_kmh":11.8}},{"type":"Feature","id":662,"geometry":{"type":"Point","coordinates":[137.05447,35.22045]},"properties":{"id":"UAV-0662","area":"名古屋","altitude_m":30,"operator":"インフラ点検サービス","purpose":"農業","airframe":"VTOL","speed_kmh":49.5}},{"type":"Feature","id":663,"geometry":{"type":"Point","coordinates":[136.936,35.21395]},"properties":{"id":"UAV-0663","area":"名古屋","altitude_m":150,"operator":"測量パートナーズ","purpose":"報道空撮","airframe":"VTOL","speed_kmh":20.4}},{"type":"Feature","id":664,"geometry":{"type":"Point","coordinates":[136.83273,35.12594]},"properties":{"id":"UAV-0664","area":"名古屋","altitude_m":80,"operator":"メディア空撮","purpose":"農業","airframe":"マルチコプター","speed_kmh":14.5}},{"type":"Feature","id":665,"geometry":{"type":"Point","coordinates":[136.90784,35.25679]},"properties":{"id":"UAV-0665","area":"名古屋","altitude_m":50,"operator":"LINKS物流","purpose":"物流","airframe":"マルチコプター","speed_kmh":48.0}},{"type":"Feature","id":666,"geometry":{"type":"Point","coordinates":[136.83559,35.13234]},"properties":{"id":"UAV-0666","area":"名古屋","altitude_m":150,"operator":"LINKS物流","purpose":"物流","airframe":"固定翼","speed_kmh":2.3}},{"type":"Feature","id":667,"geometry":{"type":"Point","coordinates":[137.0064,35.10836]},"properties":{"id":"UAV-0667","area":"名古屋","altitude_m":50,"operator":"アグリドローン","purpose":"物流","airframe":"マルチコプター","speed_kmh":8.6}},{"type":"Feature","id":668,"geometry":{"type":"Point","coordinates":[136.95398,35.13321]},"properties":{"id":"UAV-0668","area":"名古屋","altitude_m":80,"operator":"スカイデリバリー","purpose":"点検","airframe":"固定翼","speed_kmh":3.7}},{"type":"Feature","id":669,"geometry":{"type":"Point","coordinates":[136.84184,35.18549]},"properties":{"id":"UAV-0669","area":"名古屋","altitude_m":120,"operator":"スカイデリバリー","purpose":"点検","airframe":"マルチコプター","speed_kmh":32.2}},{"type":"Feature","id":670,"geometry":{"type":"Point","coordinates":[136.80739,35.20283]},"properties":{"id":"UAV-0670","area":"名古屋","altitude_m":120,"operator":"測量パートナーズ","purpose":"報道空撮","airframe":"固定翼","speed_kmh":37.2}},{"type":"Feature","id":671,"geometry":{"type":"Point","coordinates":[136.89077,35.11736]},"properties":{"id":"UAV-0671","area":"名古屋","altitude_m":80,"operator":"スカイデリバリー","purpose":"点検","airframe":"固定翼","speed_kmh":58.0}},{"type":"Feature","id":672,"geometry":{"type":"Point","coordinates":[137.02255,35.23788]},"properties":{"id":"UAV-0672","area":"名古屋","altitude_m":80,"operator":"スカイデリバリー","purpose":"物流","airframe":"固定翼","speed_kmh":18.8}},{"type":"Feature","id":673,"geometry":{"type":"Point","coordinates":[136.90702,35.18025]},"properties":{"id":"UAV-0673","area":"名古屋","altitude_m":50,"operator":"スカイデリバリー","purpose":"点検","airframe":"VTOL","speed_kmh":56.7}},{"type":"Feature","id":674,"geometry":{"type":"Point","coordinates":[136.90519,35.20852]},"properties":{"id":"UAV-0674","area":"名古屋","altitude_m":150,"operator":"メディア空撮","purpose":"農業","airframe":"固定翼","speed_kmh":47.1}},{"type":"Feature","id":675,"geometry":{"type":"Point","coordinates":[136.72546,35.13841]},"properties":{"id":"UAV-0675","area":"名古屋","altitude_m":30,"operator":"インフラ点検サービス","purpose":"災害調査","airframe":"マルチコプター","speed_kmh":20.5}},{"type":"Feature","id":676,"geometry":{"type":"Point","coordinates":[136.77583,35.09017]},"properties":{"id":"UAV-0676","area":"名古屋","altitude_m":150,"operator":"メディア空撮","purpose":"測量","airframe":"VTOL","speed_kmh":28.0}},{"type":"Feature","id":677,"geometry":{"type":"Point","coordinates":[136.85549,35.26783]},"properties":{"id":"UAV-0677","area":"名古屋","altitude_m":50,"operator":"測量パートナーズ","purpose":"災害調査","airframe":"マルチコプター","speed_kmh":39.5}},{"type":"Feature","id":678,"geometry":{"type":"Point","coordinates":[136.90518,35.1909]},"properties":{"id":"UAV-0678","area":"名古屋","altitude_m":50,"operator":"メディア空撮","purpose":"報道空撮","airframe":"VTOL","speed_kmh":2.4}},{"type":"Feature","id":679,"geometry":{"type":"Point","coordinates":[136.86145,35.17922]},"properties":{"id":"UAV-0679","area":"名古屋","altitude_m":30,"operator":"スカイデリバリー","purpose":"農業","airframe":"VTOL","speed_kmh":18.1}},{"type":"Feature","id":680,"geometry":{"type":"Point","coordinates":[136.88097,35.15286]},"properties":{"id":"UAV-0680","area":"名古屋","altitude_m":30,"operator":"災害調査隊","purpose":"測量","airframe":"VTOL","speed_kmh":20.4}},{"type":"Feature","id":681,"geometry":{"type":"Point","coordinates":[130.3288,33.54554]},"properties":{"id":"UAV-0681","area":"福岡","altitude_m":50,"operator":"スカイデリバリー","purpose":"警備","airframe":"固定翼","speed_kmh":35.7}},{"type":"Feature","id":682,"geometry":{"type":"Point","coordinates":[130.37305,33.53585]},"properties":{"id":"UAV-0682","area":"福岡","altitude_m":80,"operator":"スカイデリバリー","purpose":"警備","airframe":"固定翼","speed_kmh":12.0}},{"type":"Feature","id":683,"geometry":{"type":"Point","coordinates":[130.29055,33.57264]},"properties":{"id":"UAV-0683","area":"福岡","altitude_m":100,"operator":"スカイデリバリー","purpose":"農業","airframe":"固定翼","speed_kmh":17.5}},{"type":"Feature","id":684,"geometry":{"type":"Point","coordinates":[130.3986,33.58529]},"properties":{"id":"UAV-0684","area":"福岡","altitude_m":120,"operator":"災害調査隊","purpose":"点検","airframe":"VTOL","speed_kmh":55.5}},{"type":"Feature","id":685,"geometry":{"type":"Point","coordinates":[130.44072,33.56401]},"properties":{"id":"UAV-0685","area":"福岡","altitude_m":120,"operator":"アグリドローン","purpose":"点検","airframe":"マルチコプター","speed_kmh":26.8}},{"type":"Feature","id":686,"geometry":{"type":"Point","coordinates":[130.42732,33.61442]},"properties":{"id":"UAV-0686","area":"福岡","altitude_m":150,"operator":"災害調査隊","purpose":"物流","airframe":"固定翼","speed_kmh":24.4}},{"type":"Feature","id":687,"geometry":{"type":"Point","coordinates":[130.39505,33.52472]},"properties":{"id":"UAV-0687","area":"福岡","altitude_m":120,"operator":"測量パートナーズ","purpose":"物流","airframe":"マルチコプター","speed_kmh":36.7}},{"type":"Feature","id":688,"geometry":{"type":"Point","coordinates":[130.41633,33.635]},"properties":{"id":"UAV-0688","area":"福岡","altitude_m":150,"operator":"インフラ点検サービス","purpose":"災害調査","airframe":"マルチコプター","speed_kmh":29.2}},{"type":"Feature","id":689,"geometry":{"type":"Point","coordinates":[130.43921,33.54022]},"properties":{"id":"UAV-0689","area":"福岡","altitude_m":100,"operator":"測量パートナーズ","purpose":"災害調査","airframe":"VTOL","speed_kmh":20.6}},{"type":"Feature","id":690,"geometry":{"type":"Point","coordinates":[130.43695,33.65058]},"properties":{"id":"UAV-0690","area":"福岡","altitude_m":100,"operator":"インフラ点検サービス","purpose":"農業","airframe":"VTOL","speed_kmh":22.3}},{"type":"Feature","id":691,"geometry":{"type":"Point","coordinates":[130.52287,33.45883]},"properties":{"id":"UAV-0691","area":"福岡","altitude_m":120,"operator":"スカイデリバリー","purpose":"測量","airframe":"固定翼","speed_kmh":6.5}},{"type":"Feature","id":692,"geometry":{"type":"Point","coordinates":[130.41466,33.51306]},"properties":{"id":"UAV-0692","area":"福岡","altitude_m":30,"operator":"LINKS物流","purpose":"農業","airframe":"マルチコプター","speed_kmh":41.4}},{"type":"Feature","id":693,"geometry":{"type":"Point","coordinates":[130.39707,33.64918]},"properties":{"id":"UAV-0693","area":"福岡","altitude_m":150,"operator":"災害調査隊","purpose":"農業","airframe":"固定翼","speed_kmh":48.8}},{"type":"Feature","id":694,"geometry":{"type":"Point","coordinates":[130.40693,33.65588]},"properties":{"id":"UAV-0694","area":"福岡","altitude_m":150,"operator":"インフラ点検サービス","purpose":"点検","airframe":"VTOL","speed_kmh":26.5}},{"type":"Feature","id":695,"geometry":{"type":"Point","coordinates":[130.42406,33.70691]},"properties":{"id":"UAV-0695","area":"福岡","altitude_m":120,"operator":"測量パートナーズ","purpose":"点検","airframe":"固定翼","speed_kmh":15.2}},{"type":"Feature","id":696,"geometry":{"type":"Point","coordinates":[130.43657,33.65776]},"properties":{"id":"UAV-0696","area":"福岡","altitude_m":50,"operator":"アグリドローン","purpose":"物流","airframe":"固定翼","speed_kmh":9.6}},{"type":"Feature","id":697,"geometry":{"type":"Point","coordinates":[130.46045,33.65974]},"properties":{"id":"UAV-0697","area":"福岡","altitude_m":150,"operator":"LINKS物流","purpose":"災害調査","airframe":"VTOL","speed_kmh":36.5}},{"type":"Feature","id":698,"geometry":{"type":"Point","coordinates":[130.31977,33.51087]},"properties":{"id":"UAV-0698","area":"福岡","altitude_m":30,"operator":"測量パートナーズ","purpose":"報道空撮","airframe":"マルチコプター","speed_kmh":9.2}},{"type":"Feature","id":699,"geometry":{"type":"Point","coordinates":[130.4204,33.649]},"properties":{"id":"UAV-0699","area":"福岡","altitude_m":50,"operator":"スカイデリバリー","purpose":"物流","airframe":"VTOL","speed_kmh":17.5}},{"type":"Feature","id":700,"geometry":{"type":"Point","coordinates":[130.29645,33.64878]},"properties":{"id":"UAV-0700","area":"福岡","altitude_m":80,"operator":"インフラ点検サービス","purpose":"報道空撮","airframe":"固定翼","speed_kmh":9.3}},{"type":"Feature","id":701,"geometry":{"type":"Point","coordinates":[130.34224,33.47359]},"properties":{"id":"UAV-0701","area":"福岡","altitude_m":120,"operator":"アグリドローン","purpose":"測量","airframe":"固定翼","speed_kmh":18.7}},{"type":"Feature","id":702,"geometry":{"type":"Point","coordinates":[130.46642,33.62699]},"properties":{"id":"UAV-0702","area":"福岡","altitude_m":120,"operator":"LINKS物流","purpose":"点検","airframe":"固定翼","speed_kmh":23.8}},{"type":"Feature","id":703,"geometry":{"type":"Point","coordinates":[130.4141,33.56102]},"properties":{"id":"UAV-0703","area":"福岡","altitude_m":150,"operator":"測量パートナーズ","purpose":"点検","airframe":"VTOL","speed_kmh":45.5}},{"type":"Feature","id":704,"geometry":{"type":"Point","coordinates":[130.34756,33.56788]},"properties":{"id":"UAV-0704","area":"福岡","altitude_m":80,"operator":"インフラ点検サービス","purpose":"報道空撮","airframe":"VTOL","speed_kmh":58.0}},{"type":"Feature","id":705,"geometry":{"type":"Point","coordinates":[130.48282,33.64801]},"properties":{"id":"UAV-0705","area":"福岡","altitude_m":100,"operator":"スカイデリバリー","purpose":"報道空撮","airframe":"固定翼","speed_kmh":19.9}},{"type":"Feature","id":706,"geometry":{"type":"Point","coordinates":[130.30618,33.50961]},"properties":{"id":"UAV-0706","area":"福岡","altitude_m":150,"operator":"測量パートナーズ","purpose":"測量","airframe":"マルチコプター","speed_kmh":32.7}},{"type":"Feature","id":707,"geometry":{"type":"Point","coordinates":[130.40707,33.56344]},"properties":{"id":"UAV-0707","area":"福岡","altitude_m":120,"operator":"LINKS物流","purpose":"物流","airframe":"固定翼","speed_kmh":44.4}},{"type":"Feature","id":708,"geometry":{"type":"Point","coordinates":[130.45106,33.62619]},"properties":{"id":"UAV-0708","area":"福岡","altitude_m":120,"operator":"スカイデリバリー","purpose":"災害調査","airframe":"マルチコプター","speed_kmh":35.7}},{"type":"Feature","id":709,"geometry":{"type":"Point","coordinates":[130.43234,33.59639]},"properties":{"id":"UAV-0709","area":"福岡","altitude_m":100,"operator":"インフラ点検サービス","purpose":"測量","airframe":"VTOL","speed_kmh":56.2}},{"type":"Feature","id":710,"geometry":{"type":"Point","coordinates":[130.35008,33.60132]},"properties":{"id":"UAV-0710","area":"福岡","altitude_m":150,"operator":"スカイデリバリー","purpose":"報道空撮","airframe":"固定翼","speed_kmh":54.0}},{"type":"Feature","id":711,"geometry":{"type":"Point","coordinates":[130.28636,33.46967]},"properties":{"id":"UAV-0711","area":"福岡","altitude_m":150,"operator":"スカイデリバリー","purpose":"物流","airframe":"VTOL","speed_kmh":2.1}},{"type":"Feature","id":712,"geometry":{"type":"Point","coordinates":[130.34748,33.63328]},"properties":{"id":"UAV-0712","area":"福岡","altitude_m":80,"operator":"LINKS物流","purpose":"農業","airframe":"マルチコプター","speed_kmh":38.0}},{"type":"Feature","id":713,"geometry":{"type":"Point","coordinates":[130.41425,33.61934]},"properties":{"id":"UAV-0713","area":"福岡","altitude_m":50,"operator":"アグリドローン","purpose":"測量","airframe":"固定翼","speed_kmh":31.3}},{"type":"Feature","id":714,"geometry":{"type":"Point","coordinates":[130.38704,33.54714]},"properties":{"id":"UAV-0714","area":"福岡","altitude_m":150,"operator":"インフラ点検サービス","purpose":"報道空撮","airframe":"VTOL","speed_kmh":15.4}},{"type":"Feature","id":715,"geometry":{"type":"Point","coordinates":[130.4815,33.61414]},"properties":{"id":"UAV-0715","area":"福岡","altitude_m":150,"operator":"測量パートナーズ","purpose":"物流","airframe":"固定翼","speed_kmh":26.9}},{"type":"Feature","id":716,"geometry":{"type":"Point","coordinates":[130.37411,33.52074]},"properties":{"id":"UAV-0716","area":"福岡","altitude_m":80,"operator":"LINKS物流","purpose":"災害調査","airframe":"マルチコプター","speed_kmh":56.7}},{"type":"Feature","id":717,"geometry":{"type":"Point","coordinates":[130.36078,33.61313]},"properties":{"id":"UAV-0717","area":"福岡","altitude_m":120,"operator":"スカイデリバリー","purpose":"警備","airframe":"マルチコプター","speed_kmh":16.1}},{"type":"Feature","id":718,"geometry":{"type":"Point","coordinates":[130.35724,33.65507]},"properties":{"id":"UAV-0718","area":"福岡","altitude_m":80,"operator":"インフラ点検サービス","purpose":"報道空撮","airframe":"固定翼","speed_kmh":16.0}},{"type":"Feature","id":719,"geometry":{"type":"Point","coordinates":[130.38455,33.4881]},"properties":{"id":"UAV-0719","area":"福岡","altitude_m":50,"operator":"アグリドローン","purpose":"警備","airframe":"固定翼","speed_kmh":9.2}},{"type":"Feature","id":720,"geometry":{"type":"Point","coordinates":[130.46337,33.52663]},"properties":{"id":"UAV-0720","area":"福岡","altitude_m":120,"operator":"LINKS物流","purpose":"災害調査","airframe":"固定翼","speed_kmh":36.8}},{"type":"Feature","id":721,"geometry":{"type":"Point","coordinates":[130.37305,33.5503]},"properties":{"id":"UAV-0721","area":"福岡","altitude_m":120,"operator":"スカイデリバリー","purpose":"災害調査","airframe":"マルチコプター","speed_kmh":2.5}},{"type":"Feature","id":722,"geometry":{"type":"Point","coordinates":[130.39113,33.55052]},"properties":{"id":"UAV-0722","area":"福岡","altitude_m":100,"operator":"測量パートナーズ","purpose":"報道空撮","airframe":"固定翼","speed_kmh":52.3}},{"type":"Feature","id":723,"geometry":{"type":"Point","coordinates":[130.50384,33.62607]},"properties":{"id":"UAV-0723","area":"福岡","altitude_m":30,"operator":"測量パートナーズ","purpose":"警備","airframe":"VTOL","speed_kmh":24.0}},{"type":"Feature","id":724,"geometry":{"type":"Point","coordinates":[130.4246,33.68238]},"properties":{"id":"UAV-0724","area":"福岡","altitude_m":120,"operator":"インフラ点検サービス","purpose":"報道空撮","airframe":"VTOL","speed_kmh":0.7}},{"type":"Feature","id":725,"geometry":{"type":"Point","coordinates":[130.45372,33.65131]},"properties":{"id":"UAV-0725","area":"福岡","altitude_m":50,"operator":"LINKS物流","purpose":"測量","airframe":"固定翼","speed_kmh":22.0}},{"type":"Feature","id":726,"geometry":{"type":"Point","coordinates":[130.39254,33.64238]},"properties":{"id":"UAV-0726","area":"福岡","altitude_m":120,"operator":"インフラ点検サービス","purpose":"警備","airframe":"マルチコプター","speed_kmh":51.3}},{"type":"Feature","id":727,"geometry":{"type":"Point","coordinates":[130.45125,33.46277]},"properties":{"id":"UAV-0727","area":"福岡","altitude_m":80,"operator":"アグリドローン","purpose":"農業","airframe":"マルチコプター","speed_kmh":28.7}},{"type":"Feature","id":728,"geometry":{"type":"Point","coordinates":[130.36276,33.62166]},"properties":{"id":"UAV-0728","area":"福岡","altitude_m":30,"operator":"LINKS物流","purpose":"物流","airframe":"固定翼","speed_kmh":5.2}},{"type":"Feature","id":729,"geometry":{"type":"Point","coordinates":[130.39602,33.6121]},"properties":{"id":"UAV-0729","area":"福岡","altitude_m":30,"operator":"測量パートナーズ","purpose":"物流","airframe":"VTOL","speed_kmh":53.8}},{"type":"Feature","id":730,"geometry":{"type":"Point","coordinates":[130.43251,33.60946]},"properties":{"id":"UAV-0730","area":"福岡","altitude_m":120,"operator":"測量パートナーズ","purpose":"報道空撮","airframe":"VTOL","speed_kmh":25.8}},{"type":"Feature","id":731,"geometry":{"type":"Point","coordinates":[130.3914,33.68067]},"properties":{"id":"UAV-0731","area":"福岡","altitude_m":120,"operator":"LINKS物流","purpose":"災害調査","airframe":"VTOL","speed_kmh":30.4}},{"type":"Feature","id":732,"geometry":{"type":"Point","coordinates":[130.43474,33.60504]},"properties":{"id":"UAV-0732","area":"福岡","altitude_m":50,"operator":"メディア空撮","purpose":"物流","airframe":"固定翼","speed_kmh":29.1}},{"type":"Feature","id":733,"geometry":{"type":"Point","coordinates":[130.42492,33.65332]},"properties":{"id":"UAV-0733","area":"福岡","altitude_m":120,"operator":"測量パートナーズ","purpose":"測量","airframe":"固定翼","speed_kmh":34.3}},{"type":"Feature","id":734,"geometry":{"type":"Point","coordinates":[130.32974,33.58268]},"properties":{"id":"UAV-0734","area":"福岡","altitude_m":100,"operator":"スカイデリバリー","purpose":"点検","airframe":"マルチコプター","speed_kmh":27.0}},{"type":"Feature","id":735,"geometry":{"type":"Point","coordinates":[130.35453,33.64662]},"properties":{"id":"UAV-0735","area":"福岡","altitude_m":100,"operator":"災害調査隊","purpose":"報道空撮","airframe":"固定翼","speed_kmh":58.9}},{"type":"Feature","id":736,"geometry":{"type":"Point","coordinates":[130.38308,33.58972]},"properties":{"id":"UAV-0736","area":"福岡","altitude_m":150,"operator":"測量パートナーズ","purpose":"物流","airframe":"固定翼","speed_kmh":43.0}},{"type":"Feature","id":737,"geometry":{"type":"Point","coordinates":[130.43335,33.61642]},"properties":{"id":"UAV-0737","area":"福岡","altitude_m":50,"operator":"アグリドローン","purpose":"農業","airframe":"VTOL","speed_kmh":11.6}},{"type":"Feature","id":738,"geometry":{"type":"Point","coordinates":[130.38686,33.54615]},"properties":{"id":"UAV-0738","area":"福岡","altitude_m":150,"operator":"アグリドローン","purpose":"測量","airframe":"マルチコプター","speed_kmh":21.2}},{"type":"Feature","id":739,"geometry":{"type":"Point","coordinates":[130.46639,33.58323]},"properties":{"id":"UAV-0739","area":"福岡","altitude_m":100,"operator":"インフラ点検サービス","purpose":"警備","airframe":"VTOL","speed_kmh":13.1}},{"type":"Feature","id":740,"geometry":{"type":"Point","coordinates":[130.36138,33.58086]},"properties":{"id":"UAV-0740","area":"福岡","altitude_m":100,"operator":"LINKS物流","purpose":"測量","airframe":"VTOL","speed_kmh":45.4}},{"type":"Feature","id":741,"geometry":{"type":"Point","coordinates":[130.28706,33.56583]},"properties":{"id":"UAV-0741","area":"福岡","altitude_m":30,"operator":"インフラ点検サービス","purpose":"災害調査","airframe":"固定翼","speed_kmh":55.4}},{"type":"Feature","id":742,"geometry":{"type":"Point","coordinates":[130.40823,33.6]},"properties":{"id":"UAV-0742","area":"福岡","altitude_m":120,"operator":"災害調査隊","purpose":"点検","airframe":"固定翼","speed_kmh":53.3}},{"type":"Feature","id":743,"geometry":{"type":"Point","coordinates":[130.37506,33.5881]},"properties":{"id":"UAV-0743","area":"福岡","altitude_m":120,"operator":"スカイデリバリー","purpose":"災害調査","airframe":"固定翼","speed_kmh":41.1}},{"type":"Feature","id":744,"geometry":{"type":"Point","coordinates":[130.38315,33.37554]},"properties":{"id":"UAV-0744","area":"福岡","altitude_m":150,"operator":"LINKS物流","purpose":"災害調査","airframe":"マルチコプター","speed_kmh":49.7}},{"type":"Feature","id":745,"geometry":{"type":"Point","coordinates":[130.442,33.63292]},"properties":{"id":"UAV-0745","area":"福岡","altitude_m":120,"operator":"測量パートナーズ","purpose":"点検","airframe":"マルチコプター","speed_kmh":58.0}},{"type":"Feature","id":746,"geometry":{"type":"Point","coordinates":[130.49285,33.56333]},"properties":{"id":"UAV-0746","area":"福岡","altitude_m":120,"operator":"メディア空撮","purpose":"警備","airframe":"固定翼","speed_kmh":59.7}},{"type":"Feature","id":747,"geometry":{"type":"Point","coordinates":[130.44187,33.57396]},"properties":{"id":"UAV-0747","area":"福岡","altitude_m":150,"operator":"スカイデリバリー","purpose":"点検","airframe":"VTOL","speed_kmh":50.2}},{"type":"Feature","id":748,"geometry":{"type":"Point","coordinates":[130.51415,33.62649]},"properties":{"id":"UAV-0748","area":"福岡","altitude_m":50,"operator":"インフラ点検サービス","purpose":"測量","airframe":"マルチコプター","speed_kmh":12.3}},{"type":"Feature","id":749,"geometry":{"type":"Point","coordinates":[130.50603,33.60025]},"properties":{"id":"UAV-0749","area":"福岡","altitude_m":50,"operator":"アグリドローン","purpose":"農業","airframe":"固定翼","speed_kmh":49.2}},{"type":"Feature","id":750,"geometry":{"type":"Point","coordinates":[130.47198,33.68539]},"properties":{"id":"UAV-0750","area":"福岡","altitude_m":80,"operator":"災害調査隊","purpose":"点検","airframe":"VTOL","speed_kmh":26.0}},{"type":"Feature","id":751,"geometry":{"type":"Point","coordinates":[141.47045,43.15946]},"properties":{"id":"UAV-0751","area":"札幌","altitude_m":100,"operator":"スカイデリバリー","purpose":"農業","airframe":"VTOL","speed_kmh":16.9}},{"type":"Feature","id":752,"geometry":{"type":"Point","coordinates":[141.47179,43.11515]},"properties":{"id":"UAV-0752","area":"札幌","altitude_m":30,"operator":"アグリドローン","purpose":"警備","airframe":"VTOL","speed_kmh":58.6}},{"type":"Feature","id":753,"geometry":{"type":"Point","coordinates":[141.43501,43.04577]},"properties":{"id":"UAV-0753","area":"札幌","altitude_m":120,"operator":"LINKS物流","purpose":"報道空撮","airframe":"マルチコプター","speed_kmh":0.8}},{"type":"Feature","id":754,"geometry":{"type":"Point","coordinates":[141.3673,42.96145]},"properties":{"id":"UAV-0754","area":"札幌","altitude_m":50,"operator":"災害調査隊","purpose":"警備","airframe":"固定翼","speed_kmh":27.3}},{"type":"Feature","id":755,"geometry":{"type":"Point","coordinates":[141.42321,43.07206]},"properties":{"id":"UAV-0755","area":"札幌","altitude_m":30,"operator":"インフラ点検サービス","purpose":"測量","airframe":"マルチコプター","speed_kmh":41.0}},{"type":"Feature","id":756,"geometry":{"type":"Point","coordinates":[141.38921,42.88083]},"properties":{"id":"UAV-0756","area":"札幌","altitude_m":100,"operator":"メディア空撮","purpose":"物流","airframe":"マルチコプター","speed_kmh":0.8}},{"type":"Feature","id":757,"geometry":{"type":"Point","coordinates":[141.33403,43.00825]},"properties":{"id":"UAV-0757","area":"札幌","altitude_m":120,"operator":"アグリドローン","purpose":"測量","airframe":"固定翼","speed_kmh":58.2}},{"type":"Feature","id":758,"geometry":{"type":"Point","coordinates":[141.29913,43.08697]},"properties":{"id":"UAV-0758","area":"札幌","altitude_m":150,"operator":"LINKS物流","purpose":"報道空撮","airframe":"マルチコプター","speed_kmh":39.0}},{"type":"Feature","id":759,"geometry":{"type":"Point","coordinates":[141.23697,43.01142]},"properties":{"id":"UAV-0759","area":"札幌","altitude_m":50,"operator":"災害調査隊","purpose":"農業","airframe":"VTOL","speed_kmh":20.0}},{"type":"Feature","id":760,"geometry":{"type":"Point","coordinates":[141.43279,43.13346]},"properties":{"id":"UAV-0760","area":"札幌","altitude_m":30,"operator":"災害調査隊","purpose":"物流","airframe":"固定翼","speed_kmh":14.2}},{"type":"Feature","id":761,"geometry":{"type":"Point","coordinates":[141.31094,43.04431]},"properties":{"id":"UAV-0761","area":"札幌","altitude_m":50,"operator":"測量パートナーズ","purpose":"物流","airframe":"マルチコプター","speed_kmh":24.1}},{"type":"Feature","id":762,"geometry":{"type":"Point","coordinates":[141.44134,42.97886]},"properties":{"id":"UAV-0762","area":"札幌","altitude_m":100,"operator":"スカイデリバリー","purpose":"警備","airframe":"VTOL","speed_kmh":42.5}},{"type":"Feature","id":763,"geometry":{"type":"Point","coordinates":[141.55049,43.05921]},"properties":{"id":"UAV-0763","area":"札幌","altitude_m":50,"operator":"アグリドローン","purpose":"物流","airframe":"マルチコプター","speed_kmh":55.2}},{"type":"Feature","id":764,"geometry":{"type":"Point","coordinates":[141.33302,43.07478]},"properties":{"id":"UAV-0764","area":"札幌","altitude_m":50,"operator":"メディア空撮","purpose":"点検","airframe":"固定翼","speed_kmh":21.8}},{"type":"Feature","id":765,"geometry":{"type":"Point","coordinates":[141.36683,43.02606]},"properties":{"id":"UAV-0765","area":"札幌","altitude_m":100,"operator":"メディア空撮","purpose":"報道空撮","airframe":"VTOL","speed_kmh":22.5}},{"type":"Feature","id":766,"geometry":{"type":"Point","coordinates":[141.50906,43.06024]},"properties":{"id":"UAV-0766","area":"札幌","altitude_m":100,"operator":"インフラ点検サービス","purpose":"点検","airframe":"マルチコプター","speed_kmh":59.6}},{"type":"Feature","id":767,"geometry":{"type":"Point","coordinates":[141.45561,43.06479]},"properties":{"id":"UAV-0767","area":"札幌","altitude_m":150,"operator":"スカイデリバリー","purpose":"物流","airframe":"VTOL","speed_kmh":44.9}},{"type":"Feature","id":768,"geometry":{"type":"Point","coordinates":[141.41076,43.13279]},"properties":{"id":"UAV-0768","area":"札幌","altitude_m":150,"operator":"スカイデリバリー","purpose":"報道空撮","airframe":"VTOL","speed_kmh":42.3}},{"type":"Feature","id":769,"geometry":{"type":"Point","coordinates":[141.32249,43.18215]},"properties":{"id":"UAV-0769","area":"札幌","altitude_m":50,"operator":"測量パートナーズ","purpose":"災害調査","airframe":"固定翼","speed_kmh":14.9}},{"type":"Feature","id":770,"geometry":{"type":"Point","coordinates":[141.49298,42.99402]},"properties":{"id":"UAV-0770","area":"札幌","altitude_m":150,"operator":"LINKS物流","purpose":"農業","airframe":"固定翼","speed_kmh":41.7}},{"type":"Feature","id":771,"geometry":{"type":"Point","coordinates":[141.44515,43.05638]},"properties":{"id":"UAV-0771","area":"札幌","altitude_m":80,"operator":"メディア空撮","purpose":"災害調査","airframe":"VTOL","speed_kmh":26.8}},{"type":"Feature","id":772,"geometry":{"type":"Point","coordinates":[141.31994,43.0788]},"properties":{"id":"UAV-0772","area":"札幌","altitude_m":30,"operator":"LINKS物流","purpose":"警備","airframe":"マルチコプター","speed_kmh":52.6}},{"type":"Feature","id":773,"geometry":{"type":"Point","coordinates":[141.40833,42.99996]},"properties":{"id":"UAV-0773","area":"札幌","altitude_m":150,"operator":"メディア空撮","purpose":"物流","airframe":"VTOL","speed_kmh":21.0}},{"type":"Feature","id":774,"geometry":{"type":"Point","coordinates":[141.3411,43.02339]},"properties":{"id":"UAV-0774","area":"札幌","altitude_m":80,"operator":"災害調査隊","purpose":"物流","airframe":"マルチコプター","speed_kmh":16.8}},{"type":"Feature","id":775,"geometry":{"type":"Point","coordinates":[141.42164,42.96298]},"properties":{"id":"UAV-0775","area":"札幌","altitude_m":150,"operator":"インフラ点検サービス","purpose":"警備","airframe":"固定翼","speed_kmh":4.4}},{"type":"Feature","id":776,"geometry":{"type":"Point","coordinates":[141.50955,43.0553]},"properties":{"id":"UAV-0776","area":"札幌","altitude_m":30,"operator":"スカイデリバリー","purpose":"災害調査","airframe":"固定翼","speed_kmh":53.0}},{"type":"Feature","id":777,"geometry":{"type":"Point","coordinates":[141.33442,43.01848]},"properties":{"id":"UAV-0777","area":"札幌","altitude_m":150,"operator":"インフラ点検サービス","purpose":"測量","airframe":"固定翼","speed_kmh":57.4}},{"type":"Feature","id":778,"geometry":{"type":"Point","coordinates":[141.40426,43.11612]},"properties":{"id":"UAV-0778","area":"札幌","altitude_m":30,"operator":"メディア空撮","purpose":"物流","airframe":"VTOL","speed_kmh":44.8}},{"type":"Feature","id":779,"geometry":{"type":"Point","coordinates":[141.29543,43.17758]},"properties":{"id":"UAV-0779","area":"札幌","altitude_m":50,"operator":"スカイデリバリー","purpose":"物流","airframe":"VTOL","speed_kmh":26.9}},{"type":"Feature","id":780,"geometry":{"type":"Point","coordinates":[141.28715,43.14194]},"properties":{"id":"UAV-0780","area":"札幌","altitude_m":120,"operator":"測量パートナーズ","purpose":"点検","airframe":"マルチコプター","speed_kmh":58.6}},{"type":"Feature","id":781,"geometry":{"type":"Point","coordinates":[141.55354,43.09894]},"properties":{"id":"UAV-0781","area":"札幌","altitude_m":120,"operator":"測量パートナーズ","purpose":"災害調査","airframe":"VTOL","speed_kmh":18.5}},{"type":"Feature","id":782,"geometry":{"type":"Point","coordinates":[141.35773,43.16102]},"properties":{"id":"UAV-0782","area":"札幌","altitude_m":150,"operator":"LINKS物流","purpose":"災害調査","airframe":"固定翼","speed_kmh":34.2}},{"type":"Feature","id":783,"geometry":{"type":"Point","coordinates":[141.25084,43.07353]},"properties":{"id":"UAV-0783","area":"札幌","altitude_m":50,"operator":"LINKS物流","purpose":"物流","airframe":"固定翼","speed_kmh":59.2}},{"type":"Feature","id":784,"geometry":{"type":"Point","coordinates":[141.34397,43.01498]},"properties":{"id":"UAV-0784","area":"札幌","altitude_m":80,"operator":"アグリドローン","purpose":"物流","airframe":"マルチコプター","speed_kmh":57.8}},{"type":"Feature","id":785,"geometry":{"type":"Point","coordinates":[141.27993,43.12492]},"properties":{"id":"UAV-0785","area":"札幌","altitude_m":100,"operator":"測量パートナーズ","purpose":"災害調査","airframe":"固定翼","speed_kmh":59.3}},{"type":"Feature","id":786,"geometry":{"type":"Point","coordinates":[141.30681,42.99875]},"properties":{"id":"UAV-0786","area":"札幌","altitude_m":80,"operator":"LINKS物流","purpose":"点検","airframe":"VTOL","speed_kmh":37.6}},{"type":"Feature","id":787,"geometry":{"type":"Point","coordinates":[141.36338,43.08503]},"properties":{"id":"UAV-0787","area":"札幌","altitude_m":50,"operator":"メディア空撮","purpose":"農業","airframe":"固定翼","speed_kmh":36.4}},{"type":"Feature","id":788,"geometry":{"type":"Point","coordinates":[141.28597,43.11908]},"properties":{"id":"UAV-0788","area":"札幌","altitude_m":120,"operator":"スカイデリバリー","purpose":"点検","airframe":"マルチコプター","speed_kmh":38.9}},{"type":"Feature","id":789,"geometry":{"type":"Point","coordinates":[141.4688,42.98801]},"properties":{"id":"UAV-0789","area":"札幌","altitude_m":80,"operator":"スカイデリバリー","purpose":"測量","airframe":"マルチコプター","speed_kmh":28.9}},{"type":"Feature","id":790,"geometry":{"type":"Point","coordinates":[141.35984,43.1487]},"properties":{"id":"UAV-0790","area":"札幌","altitude_m":100,"operator":"災害調査隊","purpose":"報道空撮","airframe":"固定翼","speed_kmh":58.6}},{"type":"Feature","id":791,"geometry":{"type":"Point","coordinates":[141.37605,43.04552]},"properties":{"id":"UAV-0791","area":"札幌","altitude_m":100,"operator":"メディア空撮","purpose":"測量","airframe":"VTOL","speed_kmh":1.2}},{"type":"Feature","id":792,"geometry":{"type":"Point","coordinates":[141.49057,43.16155]},"properties":{"id":"UAV-0792","area":"札幌","altitude_m":30,"operator":"LINKS物流","purpose":"災害調査","airframe":"マルチコプター","speed_kmh":3.0}},{"type":"Feature","id":793,"geometry":{"type":"Point","coordinates":[141.39417,43.07835]},"properties":{"id":"UAV-0793","area":"札幌","altitude_m":30,"operator":"アグリドローン","purpose":"報道空撮","airframe":"VTOL","speed_kmh":31.7}},{"type":"Feature","id":794,"geometry":{"type":"Point","coordinates":[141.3641,42.99004]},"properties":{"id":"UAV-0794","area":"札幌","altitude_m":50,"operator":"メディア空撮","purpose":"測量","airframe":"マルチコプター","speed_kmh":8.6}},{"type":"Feature","id":795,"geometry":{"type":"Point","coordinates":[141.36072,43.08794]},"properties":{"id":"UAV-0795","area":"札幌","altitude_m":120,"operator":"災害調査隊","purpose":"報道空撮","airframe":"VTOL","speed_kmh":48.8}},{"type":"Feature","id":796,"geometry":{"type":"Point","coordinates":[141.37239,43.11017]},"properties":{"id":"UAV-0796","area":"札幌","altitude_m":80,"operator":"アグリドローン","purpose":"物流","airframe":"VTOL","speed_kmh":57.3}},{"type":"Feature","id":797,"geometry":{"type":"Point","coordinates":[141.15279,43.07727]},"properties":{"id":"UAV-0797","area":"札幌","altitude_m":100,"operator":"災害調査隊","purpose":"報道空撮","airframe":"VTOL","speed_kmh":52.8}},{"type":"Feature","id":798,"geometry":{"type":"Point","coordinates":[141.31442,43.09605]},"properties":{"id":"UAV-0798","area":"札幌","altitude_m":30,"operator":"LINKS物流","purpose":"点検","airframe":"固定翼","speed_kmh":7.0}},{"type":"Feature","id":799,"geometry":{"type":"Point","coordinates":[141.46196,43.0238]},"properties":{"id":"UAV-0799","area":"札幌","altitude_m":80,"operator":"測量パートナーズ","purpose":"報道空撮","airframe":"マルチコプター","speed_kmh":17.3}},{"type":"Feature","id":800,"geometry":{"type":"Point","coordinates":[141.46547,43.07132]},"properties":{"id":"UAV-0800","area":"札幌","altitude_m":100,"operator":"インフラ点検サービス","purpose":"測量","airframe":"VTOL","speed_kmh":22.8}},{"type":"Feature","id":801,"geometry":{"type":"Point","coordinates":[141.21953,42.90595]},"properties":{"id":"UAV-0801","area":"札幌","altitude_m":120,"operator":"インフラ点検サービス","purpose":"点検","airframe":"マルチコプター","speed_kmh":12.0}},{"type":"Feature","id":802,"geometry":{"type":"Point","coordinates":[141.30065,42.95681]},"properties":{"id":"UAV-0802","area":"札幌","altitude_m":80,"operator":"測量パートナーズ","purpose":"警備","airframe":"固定翼","speed_kmh":9.3}},{"type":"Feature","id":803,"geometry":{"type":"Point","coordinates":[141.28976,43.01331]},"properties":{"id":"UAV-0803","area":"札幌","altitude_m":150,"operator":"測量パートナーズ","purpose":"点検","airframe":"固定翼","speed_kmh":17.5}},{"type":"Feature","id":804,"geometry":{"type":"Point","coordinates":[141.39782,43.05843]},"properties":{"id":"UAV-0804","area":"札幌","altitude_m":150,"operator":"LINKS物流","purpose":"物流","airframe":"固定翼","speed_kmh":49.5}},{"type":"Feature","id":805,"geometry":{"type":"Point","coordinates":[141.35163,43.02037]},"properties":{"id":"UAV-0805","area":"札幌","altitude_m":80,"operator":"測量パートナーズ","purpose":"測量","airframe":"固定翼","speed_kmh":26.2}},{"type":"Feature","id":806,"geometry":{"type":"Point","coordinates":[140.80051,38.18357]},"properties":{"id":"UAV-0806","area":"仙台","altitude_m":120,"operator":"LINKS物流","purpose":"測量","airframe":"VTOL","speed_kmh":20.0}},{"type":"Feature","id":807,"geometry":{"type":"Point","coordinates":[140.78366,38.25791]},"properties":{"id":"UAV-0807","area":"仙台","altitude_m":120,"operator":"インフラ点検サービス","purpose":"物流","airframe":"マルチコプター","speed_kmh":25.4}},{"type":"Feature","id":808,"geometry":{"type":"Point","coordinates":[141.0069,38.18721]},"properties":{"id":"UAV-0808","area":"仙台","altitude_m":150,"operator":"メディア空撮","purpose":"報道空撮","airframe":"固定翼","speed_kmh":13.5}},{"type":"Feature","id":809,"geometry":{"type":"Point","coordinates":[140.94921,38.30765]},"properties":{"id":"UAV-0809","area":"仙台","altitude_m":50,"operator":"メディア空撮","purpose":"農業","airframe":"マルチコプター","speed_kmh":19.8}},{"type":"Feature","id":810,"geometry":{"type":"Point","coordinates":[140.81845,38.14467]},"properties":{"id":"UAV-0810","area":"仙台","altitude_m":50,"operator":"アグリドローン","purpose":"農業","airframe":"固定翼","speed_kmh":27.5}},{"type":"Feature","id":811,"geometry":{"type":"Point","coordinates":[140.85692,38.25622]},"properties":{"id":"UAV-0811","area":"仙台","altitude_m":100,"operator":"アグリドローン","purpose":"農業","airframe":"固定翼","speed_kmh":32.1}},{"type":"Feature","id":812,"geometry":{"type":"Point","coordinates":[140.76804,38.22797]},"properties":{"id":"UAV-0812","area":"仙台","altitude_m":30,"operator":"メディア空撮","purpose":"点検","airframe":"マルチコプター","speed_kmh":43.1}},{"type":"Feature","id":813,"geometry":{"type":"Point","coordinates":[140.80733,38.31785]},"properties":{"id":"UAV-0813","area":"仙台","altitude_m":80,"operator":"LINKS物流","purpose":"災害調査","airframe":"固定翼","speed_kmh":54.0}},{"type":"Feature","id":814,"geometry":{"type":"Point","coordinates":[140.96226,38.28494]},"properties":{"id":"UAV-0814","area":"仙台","altitude_m":100,"operator":"アグリドローン","purpose":"農業","airframe":"VTOL","speed_kmh":35.8}},{"type":"Feature","id":815,"geometry":{"type":"Point","coordinates":[140.85433,38.18537]},"properties":{"id":"UAV-0815","area":"仙台","altitude_m":30,"operator":"災害調査隊","purpose":"農業","airframe":"マルチコプター","speed_kmh":3.0}},{"type":"Feature","id":816,"geometry":{"type":"Point","coordinates":[140.77051,38.26741]},"properties":{"id":"UAV-0816","area":"仙台","altitude_m":80,"operator":"LINKS物流","purpose":"警備","airframe":"VTOL","speed_kmh":26.2}},{"type":"Feature","id":817,"geometry":{"type":"Point","coordinates":[140.98565,38.20996]},"properties":{"id":"UAV-0817","area":"仙台","altitude_m":80,"operator":"アグリドローン","purpose":"農業","airframe":"固定翼","speed_kmh":47.7}},{"type":"Feature","id":818,"geometry":{"type":"Point","coordinates":[141.0209,38.18131]},"properties":{"id":"UAV-0818","area":"仙台","altitude_m":50,"operator":"スカイデリバリー","purpose":"点検","airframe":"マルチコプター","speed_kmh":28.1}},{"type":"Feature","id":819,"geometry":{"type":"Point","coordinates":[140.789,38.3286]},"properties":{"id":"UAV-0819","area":"仙台","altitude_m":120,"operator":"インフラ点検サービス","purpose":"農業","airframe":"マルチコプター","speed_kmh":26.7}},{"type":"Feature","id":820,"geometry":{"type":"Point","coordinates":[140.95773,38.25219]},"properties":{"id":"UAV-0820","area":"仙台","altitude_m":150,"operator":"メディア空撮","purpose":"農業","airframe":"VTOL","speed_kmh":36.8}},{"type":"Feature","id":821,"geometry":{"type":"Point","coordinates":[140.93652,38.19885]},"properties":{"id":"UAV-0821","area":"仙台","altitude_m":30,"operator":"スカイデリバリー","purpose":"農業","airframe":"VTOL","speed_kmh":28.0}},{"type":"Feature","id":822,"geometry":{"type":"Point","coordinates":[140.86076,38.25506]},"properties":{"id":"UAV-0822","area":"仙台","altitude_m":150,"operator":"インフラ点検サービス","purpose":"災害調査","airframe":"固定翼","speed_kmh":37.5}},{"type":"Feature","id":823,"geometry":{"type":"Point","coordinates":[140.84298,38.28694]},"properties":{"id":"UAV-0823","area":"仙台","altitude_m":100,"operator":"インフラ点検サービス","purpose":"点検","airframe":"固定翼","speed_kmh":8.8}},{"type":"Feature","id":824,"geometry":{"type":"Point","coordinates":[140.91559,38.3607]},"properties":{"id":"UAV-0824","area":"仙台","altitude_m":30,"operator":"インフラ点検サービス","purpose":"農業","airframe":"固定翼","speed_kmh":47.4}},{"type":"Feature","id":825,"geometry":{"type":"Point","coordinates":[140.97028,38.25979]},"properties":{"id":"UAV-0825","area":"仙台","altitude_m":120,"operator":"スカイデリバリー","purpose":"災害調査","airframe":"固定翼","speed_kmh":23.4}},{"type":"Feature","id":826,"geometry":{"type":"Point","coordinates":[140.95694,38.35449]},"properties":{"id":"UAV-0826","area":"仙台","altitude_m":30,"operator":"測量パートナーズ","purpose":"農業","airframe":"固定翼","speed_kmh":17.2}},{"type":"Feature","id":827,"geometry":{"type":"Point","coordinates":[140.91653,38.25317]},"properties":{"id":"UAV-0827","area":"仙台","altitude_m":50,"operator":"アグリドローン","purpose":"報道空撮","airframe":"マルチコプター","speed_kmh":31.7}},{"type":"Feature","id":828,"geometry":{"type":"Point","coordinates":[140.86978,38.26333]},"properties":{"id":"UAV-0828","area":"仙台","altitude_m":30,"operator":"メディア空撮","purpose":"報道空撮","airframe":"マルチコプター","speed_kmh":16.3}},{"type":"Feature","id":829,"geometry":{"type":"Point","coordinates":[140.83966,38.25825]},"properties":{"id":"UAV-0829","area":"仙台","altitude_m":150,"operator":"測量パートナーズ","purpose":"物流","airframe":"VTOL","speed_kmh":18.4}},{"type":"Feature","id":830,"geometry":{"type":"Point","coordinates":[140.88622,38.28254]},"properties":{"id":"UAV-0830","area":"仙台","altitude_m":150,"operator":"アグリドローン","purpose":"農業","airframe":"マルチコプター","speed_kmh":11.8}},{"type":"Feature","id":831,"geometry":{"type":"Point","coordinates":[140.94883,38.27954]},"properties":{"id":"UAV-0831","area":"仙台","altitude_m":30,"operator":"災害調査隊","purpose":"農業","airframe":"マルチコプター","speed_kmh":37.1}},{"type":"Feature","id":832,"geometry":{"type":"Point","coordinates":[140.74799,38.31244]},"properties":{"id":"UAV-0832","area":"仙台","altitude_m":150,"operator":"LINKS物流","purpose":"物流","airframe":"固定翼","speed_kmh":54.5}},{"type":"Feature","id":833,"geometry":{"type":"Point","coordinates":[140.90652,38.29941]},"properties":{"id":"UAV-0833","area":"仙台","altitude_m":80,"operator":"測量パートナーズ","purpose":"物流","airframe":"VTOL","speed_kmh":12.8}},{"type":"Feature","id":834,"geometry":{"type":"Point","coordinates":[141.02504,38.26724]},"properties":{"id":"UAV-0834","area":"仙台","altitude_m":120,"operator":"LINKS物流","purpose":"警備","airframe":"固定翼","speed_kmh":14.0}},{"type":"Feature","id":835,"geometry":{"type":"Point","coordinates":[140.8853,38.27505]},"properties":{"id":"UAV-0835","area":"仙台","altitude_m":100,"operator":"LINKS物流","purpose":"点検","airframe":"固定翼","speed_kmh":3.4}},{"type":"Feature","id":836,"geometry":{"type":"Point","coordinates":[140.91663,38.3696]},"properties":{"id":"UAV-0836","area":"仙台","altitude_m":80,"operator":"LINKS物流","purpose":"農業","airframe":"VTOL","speed_kmh":25.4}},{"type":"Feature","id":837,"geometry":{"type":"Point","coordinates":[140.82362,38.35481]},"properties":{"id":"UAV-0837","area":"仙台","altitude_m":50,"operator":"インフラ点検サービス","purpose":"物流","airframe":"VTOL","speed_kmh":55.1}},{"type":"Feature","id":838,"geometry":{"type":"Point","coordinates":[140.99936,38.354]},"properties":{"id":"UAV-0838","area":"仙台","altitude_m":100,"operator":"測量パートナーズ","purpose":"農業","airframe":"固定翼","speed_kmh":42.3}},{"type":"Feature","id":839,"geometry":{"type":"Point","coordinates":[140.90093,38.14448]},"properties":{"id":"UAV-0839","area":"仙台","altitude_m":150,"operator":"測量パートナーズ","purpose":"報道空撮","airframe":"マルチコプター","speed_kmh":18.0}},{"type":"Feature","id":840,"geometry":{"type":"Point","coordinates":[140.85246,38.18993]},"properties":{"id":"UAV-0840","area":"仙台","altitude_m":30,"operator":"LINKS物流","purpose":"報道空撮","airframe":"マルチコプター","speed_kmh":17.2}},{"type":"Feature","id":841,"geometry":{"type":"Point","coordinates":[140.95882,38.30684]},"properties":{"id":"UAV-0841","area":"仙台","altitude_m":80,"operator":"インフラ点検サービス","purpose":"測量","airframe":"固定翼","speed_kmh":36.0}},{"type":"Feature","id":842,"geometry":{"type":"Point","coordinates":[140.74463,38.35198]},"properties":{"id":"UAV-0842","area":"仙台","altitude_m":30,"operator":"測量パートナーズ","purpose":"測量","airframe":"マルチコプター","speed_kmh":27.7}},{"type":"Feature","id":843,"geometry":{"type":"Point","coordinates":[140.98602,38.24253]},"properties":{"id":"UAV-0843","area":"仙台","altitude_m":30,"operator":"LINKS物流","purpose":"物流","airframe":"VTOL","speed_kmh":54.5}},{"type":"Feature","id":844,"geometry":{"type":"Point","coordinates":[140.81226,38.3246]},"properties":{"id":"UAV-0844","area":"仙台","altitude_m":120,"operator":"メディア空撮","purpose":"警備","airframe":"固定翼","speed_kmh":59.4}},{"type":"Feature","id":845,"geometry":{"type":"Point","coordinates":[140.94007,38.29554]},"properties":{"id":"UAV-0845","area":"仙台","altitude_m":100,"operator":"LINKS物流","purpose":"農業","airframe":"マルチコプター","speed_kmh":51.9}},{"type":"Feature","id":846,"geometry":{"type":"Point","coordinates":[140.90366,38.21123]},"properties":{"id":"UAV-0846","area":"仙台","altitude_m":50,"operator":"LINKS物流","purpose":"災害調査","airframe":"固定翼","speed_kmh":25.5}},{"type":"Feature","id":847,"geometry":{"type":"Point","coordinates":[140.8706,38.35407]},"properties":{"id":"UAV-0847","area":"仙台","altitude_m":50,"operator":"災害調査隊","purpose":"災害調査","airframe":"固定翼","speed_kmh":45.6}},{"type":"Feature","id":848,"geometry":{"type":"Point","coordinates":[140.88765,38.2873]},"properties":{"id":"UAV-0848","area":"仙台","altitude_m":80,"operator":"スカイデリバリー","purpose":"農業","airframe":"マルチコプター","speed_kmh":10.2}},{"type":"Feature","id":849,"geometry":{"type":"Point","coordinates":[140.91653,38.33168]},"properties":{"id":"UAV-0849","area":"仙台","altitude_m":120,"operator":"インフラ点検サービス","purpose":"農業","airframe":"VTOL","speed_kmh":21.6}},{"type":"Feature","id":850,"geometry":{"type":"Point","coordinates":[140.77179,38.26647]},"properties":{"id":"UAV-0850","area":"仙台","altitude_m":80,"operator":"測量パートナーズ","purpose":"農業","airframe":"VTOL","speed_kmh":53.5}},{"type":"Feature","id":851,"geometry":{"type":"Point","coordinates":[132.4661,34.51799]},"properties":{"id":"UAV-0851","area":"広島","altitude_m":120,"operator":"メディア空撮","purpose":"災害調査","airframe":"マルチコプター","speed_kmh":43.0}},{"type":"Feature","id":852,"geometry":{"type":"Point","coordinates":[132.48422,34.35629]},"properties":{"id":"UAV-0852","area":"広島","altitude_m":50,"operator":"メディア空撮","purpose":"農業","airframe":"固定翼","speed_kmh":24.0}},{"type":"Feature","id":853,"geometry":{"type":"Point","coordinates":[132.46059,34.38446]},"properties":{"id":"UAV-0853","area":"広島","altitude_m":50,"operator":"インフラ点検サービス","purpose":"報道空撮","airframe":"マルチコプター","speed_kmh":8.5}},{"type":"Feature","id":854,"geometry":{"type":"Point","coordinates":[132.54513,34.40522]},"properties":{"id":"UAV-0854","area":"広島","altitude_m":30,"operator":"メディア空撮","purpose":"測量","airframe":"固定翼","speed_kmh":26.4}},{"type":"Feature","id":855,"geometry":{"type":"Point","coordinates":[132.47276,34.34284]},"properties":{"id":"UAV-0855","area":"広島","altitude_m":150,"operator":"災害調査隊","purpose":"報道空撮","airframe":"固定翼","speed_kmh":30.8}},{"type":"Feature","id":856,"geometry":{"type":"Point","coordinates":[132.40943,34.38513]},"properties":{"id":"UAV-0856","area":"広島","altitude_m":150,"operator":"アグリドローン","purpose":"報道空撮","airframe":"固定翼","speed_kmh":7.5}},{"type":"Feature","id":857,"geometry":{"type":"Point","coordinates":[132.48834,34.32668]},"properties":{"id":"UAV-0857","area":"広島","altitude_m":30,"operator":"災害調査隊","purpose":"農業","airframe":"マルチコプター","speed_kmh":8.4}},{"type":"Feature","id":858,"geometry":{"type":"Point","coordinates":[132.47819,34.44105]},"properties":{"id":"UAV-0858","area":"広島","altitude_m":100,"operator":"メディア空撮","purpose":"物流","airframe":"マルチコプター","speed_kmh":14.2}},{"type":"Feature","id":859,"geometry":{"type":"Point","coordinates":[132.47888,34.53864]},"properties":{"id":"UAV-0859","area":"広島","altitude_m":50,"operator":"メディア空撮","purpose":"報道空撮","airframe":"固定翼","speed_kmh":24.0}},{"type":"Feature","id":860,"geometry":{"type":"Point","coordinates":[132.53296,34.33604]},"properties":{"id":"UAV-0860","area":"広島","altitude_m":80,"operator":"LINKS物流","purpose":"測量","airframe":"マルチコプター","speed_kmh":58.7}},{"type":"Feature","id":861,"geometry":{"type":"Point","coordinates":[132.50657,34.38469]},"properties":{"id":"UAV-0861","area":"広島","altitude_m":150,"operator":"メディア空撮","purpose":"物流","airframe":"マルチコプター","speed_kmh":0.1}},{"type":"Feature","id":862,"geometry":{"type":"Point","coordinates":[132.42604,34.36715]},"properties":{"id":"UAV-0862","area":"広島","altitude_m":120,"operator":"アグリドローン","purpose":"物流","airframe":"VTOL","speed_kmh":20.6}},{"type":"Feature","id":863,"geometry":{"type":"Point","coordinates":[132.43161,34.35993]},"properties":{"id":"UAV-0863","area":"広島","altitude_m":30,"operator":"スカイデリバリー","purpose":"警備","airframe":"固定翼","speed_kmh":19.1}},{"type":"Feature","id":864,"geometry":{"type":"Point","coordinates":[132.46934,34.42977]},"properties":{"id":"UAV-0864","area":"広島","altitude_m":50,"operator":"アグリドローン","purpose":"点検","airframe":"VTOL","speed_kmh":16.3}},{"type":"Feature","id":865,"geometry":{"type":"Point","coordinates":[132.52304,34.3537]},"properties":{"id":"UAV-0865","area":"広島","altitude_m":80,"operator":"インフラ点検サービス","purpose":"警備","airframe":"マルチコプター","speed_kmh":42.5}},{"type":"Feature","id":866,"geometry":{"type":"Point","coordinates":[132.54345,34.40745]},"properties":{"id":"UAV-0866","area":"広島","altitude_m":120,"operator":"スカイデリバリー","purpose":"点検","airframe":"マルチコプター","speed_kmh":56.5}},{"type":"Feature","id":867,"geometry":{"type":"Point","coordinates":[132.47895,34.39059]},"properties":{"id":"UAV-0867","area":"広島","altitude_m":100,"operator":"メディア空撮","purpose":"農業","airframe":"マルチコプター","speed_kmh":22.3}},{"type":"Feature","id":868,"geometry":{"type":"Point","coordinates":[132.46527,34.46167]},"properties":{"id":"UAV-0868","area":"広島","altitude_m":80,"operator":"アグリドローン","purpose":"物流","airframe":"固定翼","speed_kmh":2.2}},{"type":"Feature","id":869,"geometry":{"type":"Point","coordinates":[132.45747,34.42589]},"properties":{"id":"UAV-0869","area":"広島","altitude_m":150,"operator":"測量パートナーズ","purpose":"災害調査","airframe":"マルチコプター","speed_kmh":54.2}},{"type":"Feature","id":870,"geometry":{"type":"Point","coordinates":[132.52729,34.37898]},"properties":{"id":"UAV-0870","area":"広島","altitude_m":150,"operator":"LINKS物流","purpose":"農業","airframe":"VTOL","speed_kmh":44.5}},{"type":"Feature","id":871,"geometry":{"type":"Point","coordinates":[132.46161,34.38557]},"properties":{"id":"UAV-0871","area":"広島","altitude_m":30,"operator":"スカイデリバリー","purpose":"測量","airframe":"固定翼","speed_kmh":14.8}},{"type":"Feature","id":872,"geometry":{"type":"Point","coordinates":[132.41503,34.39757]},"properties":{"id":"UAV-0872","area":"広島","altitude_m":30,"operator":"災害調査隊","purpose":"災害調査","airframe":"固定翼","speed_kmh":47.0}},{"type":"Feature","id":873,"geometry":{"type":"Point","coordinates":[132.55179,34.48935]},"properties":{"id":"UAV-0873","area":"広島","altitude_m":100,"operator":"測量パートナーズ","purpose":"物流","airframe":"VTOL","speed_kmh":39.4}},{"type":"Feature","id":874,"geometry":{"type":"Point","coordinates":[132.49871,34.44603]},"properties":{"id":"UAV-0874","area":"広島","altitude_m":30,"operator":"災害調査隊","purpose":"点検","airframe":"VTOL","speed_kmh":9.0}},{"type":"Feature","id":875,"geometry":{"type":"Point","coordinates":[132.41542,34.34823]},"properties":{"id":"UAV-0875","area":"広島","altitude_m":80,"operator":"スカイデリバリー","purpose":"報道空撮","airframe":"VTOL","speed_kmh":54.7}},{"type":"Feature","id":876,"geometry":{"type":"Point","coordinates":[132.31854,34.43334]},"properties":{"id":"UAV-0876","area":"広島","altitude_m":30,"operator":"インフラ点検サービス","purpose":"警備","airframe":"固定翼","speed_kmh":3.9}},{"type":"Feature","id":877,"geometry":{"type":"Point","coordinates":[132.55457,34.39564]},"properties":{"id":"UAV-0877","area":"広島","altitude_m":100,"operator":"アグリドローン","purpose":"農業","airframe":"マルチコプター","speed_kmh":41.9}},{"type":"Feature","id":878,"geometry":{"type":"Point","coordinates":[132.47121,34.45697]},"properties":{"id":"UAV-0878","area":"広島","altitude_m":30,"operator":"インフラ点検サービス","purpose":"報道空撮","airframe":"VTOL","speed_kmh":54.5}},{"type":"Feature","id":879,"geometry":{"type":"Point","coordinates":[132.38971,34.45235]},"properties":{"id":"UAV-0879","area":"広島","altitude_m":100,"operator":"スカイデリバリー","purpose":"点検","airframe":"VTOL","speed_kmh":16.6}},{"type":"Feature","id":880,"geometry":{"type":"Point","coordinates":[132.41921,34.39601]},"properties":{"id":"UAV-0880","area":"広島","altitude_m":120,"operator":"インフラ点検サービス","purpose":"警備","airframe":"VTOL","speed_kmh":25.8}},{"type":"Feature","id":881,"geometry":{"type":"Point","coordinates":[132.41798,34.38612]},"properties":{"id":"UAV-0881","area":"広島","altitude_m":30,"operator":"アグリドローン","purpose":"災害調査","airframe":"固定翼","speed_kmh":45.6}},{"type":"Feature","id":882,"geometry":{"type":"Point","coordinates":[132.40659,34.37536]},"properties":{"id":"UAV-0882","area":"広島","altitude_m":100,"operator":"災害調査隊","purpose":"測量","airframe":"マルチコプター","speed_kmh":33.7}},{"type":"Feature","id":883,"geometry":{"type":"Point","coordinates":[132.44432,34.34704]},"properties":{"id":"UAV-0883","area":"広島","altitude_m":50,"operator":"測量パートナーズ","purpose":"物流","airframe":"VTOL","speed_kmh":16.3}},{"type":"Feature","id":884,"geometry":{"type":"Point","coordinates":[132.53977,34.43363]},"properties":{"id":"UAV-0884","area":"広島","altitude_m":120,"operator":"インフラ点検サービス","purpose":"報道空撮","airframe":"マルチコプター","speed_kmh":17.5}},{"type":"Feature","id":885,"geometry":{"type":"Point","coordinates":[132.47738,34.32861]},"properties":{"id":"UAV-0885","area":"広島","altitude_m":120,"operator":"インフラ点検サービス","purpose":"物流","airframe":"マルチコプター","speed_kmh":49.6}},{"type":"Feature","id":886,"geometry":{"type":"Point","coordinates":[132.46413,34.40978]},"properties":{"id":"UAV-0886","area":"広島","altitude_m":120,"operator":"メディア空撮","purpose":"報道空撮","airframe":"VTOL","speed_kmh":25.4}},{"type":"Feature","id":887,"geometry":{"type":"Point","coordinates":[132.48037,34.41172]},"properties":{"id":"UAV-0887","area":"広島","altitude_m":80,"operator":"LINKS物流","purpose":"点検","airframe":"VTOL","speed_kmh":42.5}},{"type":"Feature","id":888,"geometry":{"type":"Point","coordinates":[132.5961,34.43127]},"properties":{"id":"UAV-0888","area":"広島","altitude_m":120,"operator":"インフラ点検サービス","purpose":"警備","airframe":"マルチコプター","speed_kmh":60.0}},{"type":"Feature","id":889,"geometry":{"type":"Point","coordinates":[132.4909,34.3684]},"properties":{"id":"UAV-0889","area":"広島","altitude_m":150,"operator":"アグリドローン","purpose":"点検","airframe":"マルチコプター","speed_kmh":50.4}},{"type":"Feature","id":890,"geometry":{"type":"Point","coordinates":[132.49148,34.48699]},"properties":{"id":"UAV-0890","area":"広島","altitude_m":150,"operator":"LINKS物流","purpose":"物流","airframe":"固定翼","speed_kmh":4.3}},{"type":"Feature","id":891,"geometry":{"type":"Point","coordinates":[127.68503,26.22053]},"properties":{"id":"UAV-0891","area":"那覇","altitude_m":50,"operator":"測量パートナーズ","purpose":"測量","airframe":"固定翼","speed_kmh":22.5}},{"type":"Feature","id":892,"geometry":{"type":"Point","coordinates":[127.6915,26.28978]},"properties":{"id":"UAV-0892","area":"那覇","altitude_m":30,"operator":"スカイデリバリー","purpose":"測量","airframe":"固定翼","speed_kmh":33.1}},{"type":"Feature","id":893,"geometry":{"type":"Point","coordinates":[127.70224,26.19823]},"properties":{"id":"UAV-0893","area":"那覇","altitude_m":100,"operator":"アグリドローン","purpose":"報道空撮","airframe":"VTOL","speed_kmh":46.2}},{"type":"Feature","id":894,"geometry":{"type":"Point","coordinates":[127.65227,26.23535]},"properties":{"id":"UAV-0894","area":"那覇","altitude_m":30,"operator":"メディア空撮","purpose":"警備","airframe":"VTOL","speed_kmh":40.5}},{"type":"Feature","id":895,"geometry":{"type":"Point","coordinates":[127.74,26.12908]},"properties":{"id":"UAV-0895","area":"那覇","altitude_m":150,"operator":"災害調査隊","purpose":"農業","airframe":"マルチコプター","speed_kmh":44.9}},{"type":"Feature","id":896,"geometry":{"type":"Point","coordinates":[127.66605,26.21461]},"properties":{"id":"UAV-0896","area":"那覇","altitude_m":30,"operator":"スカイデリバリー","purpose":"点検","airframe":"マルチコプター","speed_kmh":0.2}},{"type":"Feature","id":897,"geometry":{"type":"Point","coordinates":[127.67884,26.28864]},"properties":{"id":"UAV-0897","area":"那覇","altitude_m":30,"operator":"インフラ点検サービス","purpose":"物流","airframe":"固定翼","speed_kmh":19.7}},{"type":"Feature","id":898,"geometry":{"type":"Point","coordinates":[127.63907,26.2096]},"properties":{"id":"UAV-0898","area":"那覇","altitude_m":50,"operator":"インフラ点検サービス","purpose":"農業","airframe":"固定翼","speed_kmh":33.4}},{"type":"Feature","id":899,"geometry":{"type":"Point","coordinates":[127.64021,26.20701]},"properties":{"id":"UAV-0899","area":"那覇","altitude_m":100,"operator":"LINKS物流","purpose":"災害調査","airframe":"VTOL","speed_kmh":17.9}},{"type":"Feature","id":900,"geometry":{"type":"Point","coordinates":[127.68751,26.12647]},"properties":{"id":"UAV-0900","area":"那覇","altitude_m":100,"operator":"アグリドローン","purpose":"災害調査","airframe":"固定翼","speed_kmh":48.9}},{"type":"Feature","id":901,"geometry":{"type":"Point","coordinates":[127.79237,26.2343]},"properties":{"id":"UAV-0901","area":"那覇","altitude_m":80,"operator":"LINKS物流","purpose":"農業","airframe":"マルチコプター","speed_kmh":59.1}},{"type":"Feature","id":902,"geometry":{"type":"Point","coordinates":[127.69408,26.289]},"properties":{"id":"UAV-0902","area":"那覇","altitude_m":80,"operator":"スカイデリバリー","purpose":"測量","airframe":"マルチコプター","speed_kmh":45.3}},{"type":"Feature","id":903,"geometry":{"type":"Point","coordinates":[127.69582,26.18569]},"properties":{"id":"UAV-0903","area":"那覇","altitude_m":100,"operator":"災害調査隊","purpose":"報道空撮","airframe":"VTOL","speed_kmh":57.8}},{"type":"Feature","id":904,"geometry":{"type":"Point","coordinates":[127.56646,26.15564]},"properties":{"id":"UAV-0904","area":"那覇","altitude_m":120,"operator":"インフラ点検サービス","purpose":"物流","airframe":"マルチコプター","speed_kmh":39.7}},{"type":"Feature","id":905,"geometry":{"type":"Point","coordinates":[127.80213,26.25206]},"properties":{"id":"UAV-0905","area":"那覇","altitude_m":150,"operator":"測量パートナーズ","purpose":"報道空撮","airframe":"固定翼","speed_kmh":24.8}},{"type":"Feature","id":906,"geometry":{"type":"Point","coordinates":[127.58814,26.18472]},"properties":{"id":"UAV-0906","area":"那覇","altitude_m":150,"operator":"LINKS物流","purpose":"災害調査","airframe":"マルチコプター","speed_kmh":23.9}},{"type":"Feature","id":907,"geometry":{"type":"Point","coordinates":[127.75745,26.19057]},"properties":{"id":"UAV-0907","area":"那覇","altitude_m":100,"operator":"インフラ点検サービス","purpose":"警備","airframe":"VTOL","speed_kmh":39.2}},{"type":"Feature","id":908,"geometry":{"type":"Point","coordinates":[127.57059,26.15288]},"properties":{"id":"UAV-0908","area":"那覇","altitude_m":100,"operator":"インフラ点検サービス","purpose":"報道空撮","airframe":"マルチコプター","speed_kmh":45.3}},{"type":"Feature","id":909,"geometry":{"type":"Point","coordinates":[127.61582,26.19683]},"properties":{"id":"UAV-0909","area":"那覇","altitude_m":100,"operator":"測量パートナーズ","purpose":"点検","airframe":"マルチコプター","speed_kmh":52.2}},{"type":"Feature","id":910,"geometry":{"type":"Point","coordinates":[127.69775,26.29593]},"properties":{"id":"UAV-0910","area":"那覇","altitude_m":50,"operator":"LINKS物流","purpose":"報道空撮","airframe":"マルチコプター","speed_kmh":33.5}},{"type":"Feature","id":911,"geometry":{"type":"Point","coordinates":[127.73849,26.17412]},"properties":{"id":"UAV-0911","area":"那覇","altitude_m":30,"operator":"LINKS物流","purpose":"物流","airframe":"マルチコプター","speed_kmh":58.4}},{"type":"Feature","id":912,"geometry":{"type":"Point","coordinates":[127.74331,26.18689]},"properties":{"id":"UAV-0912","area":"那覇","altitude_m":120,"operator":"スカイデリバリー","purpose":"災害調査","airframe":"固定翼","speed_kmh":18.9}},{"type":"Feature","id":913,"geometry":{"type":"Point","coordinates":[127.82708,26.21474]},"properties":{"id":"UAV-0913","area":"那覇","altitude_m":50,"operator":"LINKS物流","purpose":"警備","airframe":"VTOL","speed_kmh":38.7}},{"type":"Feature","id":914,"geometry":{"type":"Point","coordinates":[127.58438,26.31037]},"properties":{"id":"UAV-0914","area":"那覇","altitude_m":80,"operator":"スカイデリバリー","purpose":"報道空撮","airframe":"マルチコプター","speed_kmh":50.6}},{"type":"Feature","id":915,"geometry":{"type":"Point","coordinates":[127.6942,26.15644]},"properties":{"id":"UAV-0915","area":"那覇","altitude_m":50,"operator":"災害調査隊","purpose":"警備","airframe":"VTOL","speed_kmh":41.5}},{"type":"Feature","id":916,"geometry":{"type":"Point","coordinates":[127.6611,26.26105]},"properties":{"id":"UAV-0916","area":"那覇","altitude_m":30,"operator":"LINKS物流","purpose":"物流","airframe":"固定翼","speed_kmh":47.9}},{"type":"Feature","id":917,"geometry":{"type":"Point","coordinates":[127.66365,26.23535]},"properties":{"id":"UAV-0917","area":"那覇","altitude_m":80,"operator":"LINKS物流","purpose":"警備","airframe":"マルチコプター","speed_kmh":36.0}},{"type":"Feature","id":918,"geometry":{"type":"Point","coordinates":[127.65939,26.25909]},"properties":{"id":"UAV-0918","area":"那覇","altitude_m":100,"operator":"測量パートナーズ","purpose":"測量","airframe":"VTOL","speed_kmh":31.6}},{"type":"Feature","id":919,"geometry":{"type":"Point","coordinates":[127.74685,26.21175]},"properties":{"id":"UAV-0919","area":"那覇","altitude_m":30,"operator":"LINKS物流","purpose":"警備","airframe":"固定翼","speed_kmh":17.5}},{"type":"Feature","id":920,"geometry":{"type":"Point","coordinates":[127.6302,26.25202]},"properties":{"id":"UAV-0920","area":"那覇","altitude_m":100,"operator":"LINKS物流","purpose":"警備","airframe":"固定翼","speed_kmh":37.5}},{"type":"Feature","id":921,"geometry":{"type":"Point","coordinates":[127.66939,26.21384]},"properties":{"id":"UAV-0921","area":"那覇","altitude_m":120,"operator":"インフラ点検サービス","purpose":"測量","airframe":"VTOL","speed_kmh":49.3}},{"type":"Feature","id":922,"geometry":{"type":"Point","coordinates":[127.65261,26.18758]},"properties":{"id":"UAV-0922","area":"那覇","altitude_m":30,"operator":"測量パートナーズ","purpose":"物流","airframe":"固定翼","speed_kmh":21.1}},{"type":"Feature","id":923,"geometry":{"type":"Point","coordinates":[127.64357,26.1938]},"properties":{"id":"UAV-0923","area":"那覇","altitude_m":80,"operator":"LINKS物流","purpose":"測量","airframe":"固定翼","speed_kmh":9.2}},{"type":"Feature","id":924,"geometry":{"type":"Point","coordinates":[127.68493,26.21592]},"properties":{"id":"UAV-0924","area":"那覇","altitude_m":150,"operator":"スカイデリバリー","purpose":"農業","airframe":"固定翼","speed_kmh":51.6}},{"type":"Feature","id":925,"geometry":{"type":"Point","coordinates":[127.73103,26.22312]},"properties":{"id":"UAV-0925","area":"那覇","altitude_m":100,"operator":"アグリドローン","purpose":"災害調査","airframe":"VTOL","speed_kmh":20.2}}]}